pdb_id,uniprot_id,protein_name,cath_superfamily_id,cath_superfamily_name
3b2d,Q99467,,3.80.10.10,
3b2d,O95711,,2.60.40.770,
3ezq,P25445,,1.10.533.10,
3ezq,P25445,,2.10.50.10,
3ezq,Q13158,,1.10.533.10,
1cfh,P00740,,4.10.740.10,
1cfh,P00740,,2.10.25.10,
1cfh,P00740,,2.40.10.10,
3pvn,P02741,,2.60.120.200,
3e4z,P14735,,3.30.830.10,
3e4z,P01344,,1.10.100.10,
3pvm,P01031,,1.50.10.20,
3pvm,P01031,,2.20.130.20,
3pvm,P01031,,2.40.50.120,
3pvm,P01031,,2.60.120.1540,
3pvm,P01031,,2.60.40.1930,
3pvm,P01031,,2.60.40.1940,
3pvm,P01031,,6.20.50.160,
3pvm,P01031,,2.60.40.690,
3pvm,P01031,,1.20.91.20,
3pvm,P01031,,2.60.40.10,
3pvm,Q91132,,1.50.10.20,
3pvm,Q91132,,2.20.130.20,
3pvm,Q91132,,2.40.50.120,
3pvm,Q91132,,2.60.120.1540,
3pvm,Q91132,,2.60.40.1930,
3pvm,Q91132,,2.60.40.1940,
3pvm,Q91132,,6.20.50.160,
3pvm,Q91132,,2.60.40.690,
3pvm,Q91132,,1.20.91.20,
3pvm,Q91132,,2.60.40.10,
4ejx,P00450,,2.60.40.420,
4ejx,P05164,,1.10.640.10,
1ggu,P00488,,2.60.40.10,
1ggu,P00488,,3.90.260.10,
2kz1,P01563,,1.20.1250.10,
2kz1,P48551,,2.60.40.10,
4j4l,A4L9V2,,2.30.30.170,
4j4l,A4L9V2,,2.60.40.1220,
4j4l,A4L9V2,,2.60.40.4270,
4j4l,A4L9V2,,3.80.10.10,
4j4l,Q4G1L3,,3.80.10.10,
4j4l,P05231,,1.20.1250.10,
1fzd,P02671,,1.20.5.50,
1fzd,P02671,,3.90.215.10,
1fzd,P02671,,4.10.530.10,
2uzy,P0DQD2,,2.30.30.170,
2uzy,P0DQD2,,2.60.40.1220,
2uzy,P0DQD2,,2.60.40.4270,
2uzy,P0DQD2,,3.80.10.10,
2uzy,P08581,,2.60.40.10,
2uzy,P08581,,3.30.200.20,
2uzy,P08581,,1.10.510.10,
2uzy,P08581,,2.130.10.10,
4rsu,O43557,,2.60.120.40,
4rsu,Q92956,,2.10.50.10,
4enz,P00450,,2.60.40.420,
2r0l,Q04756,,2.10.10.10,
2r0l,Q04756,,2.10.25.10,
2r0l,Q04756,,2.40.20.10,
2r0l,Q04756,,2.40.10.10,
3bze,P13747,,2.60.40.10,
3bze,P13747,,3.30.500.10,
3bze,P61769,,2.60.40.10,
3bze,P17693,,2.60.40.10,
3bze,P17693,,3.30.500.10,
1adz,P10646,,4.10.410.10,
1a1o,P01889,,2.60.40.10,
1a1o,P01889,,3.30.500.10,
1a1o,P61769,,2.60.40.10,
2xwb,P01024,,1.50.10.20,
2xwb,P01024,,2.20.130.20,
2xwb,P01024,,2.40.50.120,
2xwb,P01024,,2.60.120.1540,
2xwb,P01024,,2.60.40.1930,
2xwb,P01024,,2.60.40.1940,
2xwb,P01024,,6.20.50.160,
2xwb,P01024,,2.60.40.690,
2xwb,P01024,,1.20.91.20,
2xwb,P01024,,2.60.40.10,
2xwb,P00751,,2.40.10.120,
2xwb,P00751,,2.10.70.10,
2xwb,P00751,,3.40.50.410,
2xwb,P00746,,2.40.10.10,
1fg9,P01579,,1.20.1250.10,
1fg9,P15260,,2.60.40.10,
1b3k,P05121,,2.30.39.10,
1b3k,P05121,,3.30.497.10,
2noj,P01024,,1.50.10.20,
2noj,P01024,,2.20.130.20,
2noj,P01024,,2.40.50.120,
2noj,P01024,,2.60.120.1540,
2noj,P01024,,2.60.40.1930,
2noj,P01024,,2.60.40.1940,
2noj,P01024,,6.20.50.160,
2noj,P01024,,2.60.40.690,
2noj,P01024,,1.20.91.20,
2noj,P01024,,2.60.40.10,
1nys,P38444,,2.10.60.10,
1nys,P38444,,3.30.200.20,
1nys,P38444,,1.10.510.10,
1nys,P08476,,2.60.120.970,
1nys,P08476,,2.10.90.10,
1lyw,P07339,,2.40.70.10,
1gmy,P07858,,3.90.70.10,
2j2p,Q15485,,3.90.215.10,
2i83,P16070,,3.10.100.10,
1i16,Q14005,,2.30.42.10,
3km9,P01031,,1.50.10.20,
3km9,P01031,,2.20.130.20,
3km9,P01031,,2.40.50.120,
3km9,P01031,,2.60.120.1540,
3km9,P01031,,2.60.40.1930,
3km9,P01031,,2.60.40.1940,
3km9,P01031,,6.20.50.160,
3km9,P01031,,2.60.40.690,
3km9,P01031,,1.20.91.20,
3km9,P01031,,2.60.40.10,
3km9,A0A0H3K6Z8,,2.40.50.110,
3km9,A0A0H3K6Z8,,3.10.20.120,
2xrc,P05156,,3.30.60.30,
2xrc,P05156,,4.10.400.10,
2xrc,P05156,,3.10.250.10,
2xrc,P05156,,2.40.10.10,
1agb,P01889,,2.60.40.10,
1agb,P01889,,3.30.500.10,
1agb,P61769,,2.60.40.10,
3wo4,Q14116,,2.80.10.50,
3wo4,Q13478,,2.60.40.10,
3wo4,Q13478,,3.40.50.10140,
3wo4,O95256,,2.60.40.10,
3wo4,O95256,,3.40.50.10140,
2gvg,P43490,,3.20.20.70,
2bex,P13489,,3.80.10.10,
2bex,P10153,,3.10.130.10,
1uzj,P35555,,2.10.25.10,
1uzj,P35555,,3.90.290.10,
1agd,P01889,,2.60.40.10,
1agd,P01889,,3.30.500.10,
1agd,P61769,,2.60.40.10,
3cdg,P13747,,2.60.40.10,
3cdg,P13747,,3.30.500.10,
3cdg,P61769,,2.60.40.10,
3cdg,Q13241,,3.10.100.10,
3cdg,P26715,,3.10.100.10,
3cdg,P17693,,2.60.40.10,
3cdg,P17693,,3.30.500.10,
2win,P01024,,1.50.10.20,
2win,P01024,,2.20.130.20,
2win,P01024,,2.40.50.120,
2win,P01024,,2.60.120.1540,
2win,P01024,,2.60.40.1930,
2win,P01024,,2.60.40.1940,
2win,P01024,,6.20.50.160,
2win,P01024,,2.60.40.690,
2win,P01024,,1.20.91.20,
2win,P01024,,2.60.40.10,
2win,P00751,,2.40.10.120,
2win,P00751,,2.10.70.10,
2win,P00751,,3.40.50.410,
2win,Q6GFB4,,1.20.1270.10,
3n96,P0AEX9,,3.40.190.10,
3n96,Q13324,,4.10.1240.10,
3n96,Q13324,,1.20.1070.10,
3n96,P55089,,6.10.250.1920,
4kxz,P61812,,2.60.120.970,
4kxz,P61812,,2.10.90.10,
1r9n,P27487,,3.40.50.1820,
1r9n,P27487,,2.140.10.30,
1r9n,Q9XSW6,,6.10.250.900,
1fyh,P01579,,1.20.1250.10,
1fyh,P15260,,2.60.40.10,
3it8,P01375,,2.60.120.40,
3it8,Q9DHW0,,2.60.40.10,
3it8,Q9DHW0,,3.30.500.10,
1fze,P02671,,1.20.5.50,
1fze,P02671,,3.90.215.10,
1fze,P02671,,4.10.530.10,
1fze,P02675,,1.20.5.50,
1fze,P02675,,3.90.215.10,
1fze,P02679,,1.20.5.50,
1fze,P02679,,3.90.215.10,
1fze,P02679,,4.10.530.10,
1don,P13500,,2.40.50.40,
4z5r,P01563,,1.20.1250.10,
3prx,P01031,,1.50.10.20,
3prx,P01031,,2.20.130.20,
3prx,P01031,,2.40.50.120,
3prx,P01031,,2.60.120.1540,
3prx,P01031,,2.60.40.1930,
3prx,P01031,,2.60.40.1940,
3prx,P01031,,6.20.50.160,
3prx,P01031,,2.60.40.690,
3prx,P01031,,1.20.91.20,
3prx,P01031,,2.60.40.10,
3prx,Q91132,,1.50.10.20,
3prx,Q91132,,2.20.130.20,
3prx,Q91132,,2.40.50.120,
3prx,Q91132,,2.60.120.1540,
3prx,Q91132,,2.60.40.1930,
3prx,Q91132,,2.60.40.1940,
3prx,Q91132,,6.20.50.160,
3prx,Q91132,,2.60.40.690,
3prx,Q91132,,1.20.91.20,
3prx,Q91132,,2.60.40.10,
3prx,D3JIB2,,2.40.50.110,
3prx,D3JIB2,,3.10.20.120,
3qnf,Q9NZ08,,1.25.50.20,
3qnf,Q9NZ08,,2.60.40.1910,
3qnf,Q9NZ08,,1.10.390.10,
3qnf,Q9NZ08,,2.60.40.1730,
2xwj,P01024,,1.50.10.20,
2xwj,P01024,,2.20.130.20,
2xwj,P01024,,2.40.50.120,
2xwj,P01024,,2.60.120.1540,
2xwj,P01024,,2.60.40.1930,
2xwj,P01024,,2.60.40.1940,
2xwj,P01024,,6.20.50.160,
2xwj,P01024,,2.60.40.690,
2xwj,P01024,,1.20.91.20,
2xwj,P01024,,2.60.40.10,
2xwj,P00751,,2.40.10.120,
2xwj,P00751,,2.10.70.10,
2xwj,P00751,,3.40.50.410,
2lnk,P26447,,1.10.238.10,
2lnk,P35579,,1.10.10.820,
2lnk,P35579,,1.20.5.340,
2lnk,P35579,,1.20.58.530,
2lnk,P35579,,3.30.70.1590,
2lnk,P35579,,6.10.250.2420,
2lnk,P35579,,3.40.850.10,
2lnk,P35579,,2.30.30.360,
2lnk,P35579,,1.20.120.720,
2lnk,P35579,,4.10.270.10,
3wn5,P01857,,2.60.40.10,
3wn5,P08637,,2.60.40.10,
1kf9,P01241,,1.20.1250.10,
1kf9,P10912,,2.60.40.10,
1r9m,P27487,,3.40.50.1820,
1r9m,P27487,,2.140.10.30,
2fin,O10647,,2.60.240.10,
2fin,P13236,,2.40.50.40,
3d67,Q96IY4,,3.30.70.340,
3d67,Q96IY4,,3.40.630.10,
1t8d,P06734,,3.10.100.10,
2j0h,Q15485,,3.90.215.10,
4a5w,P01031,,1.50.10.20,
4a5w,P01031,,2.20.130.20,
4a5w,P01031,,2.40.50.120,
4a5w,P01031,,2.60.120.1540,
4a5w,P01031,,2.60.40.1930,
4a5w,P01031,,2.60.40.1940,
4a5w,P01031,,6.20.50.160,
4a5w,P01031,,2.60.40.690,
4a5w,P01031,,1.20.91.20,
4a5w,P01031,,2.60.40.10,
4a5w,P13671,,3.30.60.30,
4a5w,P13671,,2.10.70.10,
4a5w,P13671,,4.10.400.10,
4a5w,P13671,,2.20.100.10,
2l5x,P01583,,2.80.10.50,
2l5x,Q99584,,1.10.238.10,
3v7t,P20231,,2.40.10.10,
4dkf,Q6ZMJ4,,1.20.1250.80,
1a9e,P01889,,2.60.40.10,
1a9e,P01889,,3.30.500.10,
1a9e,P61769,,2.60.40.10,
3qs7,P49771,,1.20.1250.10,
3qs7,P36888,,2.60.40.10,
3qs7,P36888,,3.30.200.20,
3qs7,P36888,,1.10.510.10,
2a74,P01024,,1.50.10.20,
2a74,P01024,,2.20.130.20,
2a74,P01024,,2.40.50.120,
2a74,P01024,,2.60.120.1540,
2a74,P01024,,2.60.40.1930,
2a74,P01024,,2.60.40.1940,
2a74,P01024,,6.20.50.160,
2a74,P01024,,2.60.40.690,
2a74,P01024,,1.20.91.20,
2a74,P01024,,2.60.40.10,
2j3g,Q15485,,3.90.215.10,
3s9n,P02786,,3.50.30.30,
3s9n,P02786,,1.20.930.40,
3s9n,P02786,,3.40.630.10,
3s9n,P02787,,3.40.190.10,
1bbr,P00735,,2.40.20.10,
1bbr,P00735,,4.10.140.10,
1bbr,P00735,,2.40.10.10,
1bbr,P02671,,1.20.5.50,
1bbr,P02671,,3.90.215.10,
1bbr,P02671,,4.10.530.10,
3wo2,Q14116,,2.80.10.50,
4zg9,Q13822,,4.10.410.20,
4zg9,Q13822,,3.40.720.10,
4zg9,Q13822,,3.40.570.10,
1fe8,P04275,,2.10.25.10,
1fe8,P04275,,3.40.50.410,
1fe8,P01863,,2.60.40.10,
1fe8,P01837,,2.60.40.10,
1p32,Q07021,,3.10.280.10,
3alq,P01375,,2.60.120.40,
3alq,P20333,,2.10.50.10,
2ajf,Q9BYF1,,1.10.1370.30,
2ajf,P59594,,1.20.5.300,
2ajf,P59594,,3.30.70.1840,
2ajf,P59594,,1.20.5.790,
2ajf,P59594,,2.60.120.960,
1agc,P01889,,2.60.40.10,
1agc,P01889,,3.30.500.10,
1agc,P61769,,2.60.40.10,
2jm2,P24592,,4.10.40.20,
2jm2,P24592,,4.10.800.10,
3hei,P29317,,2.60.40.1770,
3hei,P29317,,2.60.120.260,
3hei,P29317,,2.60.40.10,
3hei,P29317,,3.30.200.20,
3hei,P29317,,1.20.5.510,
3hei,P29317,,1.10.150.50,
3hei,P29317,,1.10.510.10,
3hei,P29317,,2.10.50.10,
3hei,P20827,,2.60.40.420,
3hrz,Q91132,,1.50.10.20,
3hrz,Q91132,,2.20.130.20,
3hrz,Q91132,,2.40.50.120,
3hrz,Q91132,,2.60.120.1540,
3hrz,Q91132,,2.60.40.1930,
3hrz,Q91132,,2.60.40.1940,
3hrz,Q91132,,6.20.50.160,
3hrz,Q91132,,2.60.40.690,
3hrz,Q91132,,1.20.91.20,
3hrz,Q91132,,2.60.40.10,
3hrz,P00751,,2.40.10.120,
3hrz,P00751,,2.10.70.10,
3hrz,P00751,,3.40.50.410,
3wo3,Q14116,,2.80.10.50,
3wo3,Q13478,,2.60.40.10,
3wo3,Q13478,,3.40.50.10140,
3hh2,O08689,,2.60.120.970,
3hh2,O08689,,2.10.90.10,
3hh2,P19883,,3.30.60.30,
3hh2,P19883,,3.90.290.10,
2r7e,P00451,,2.60.40.420,
2r7e,P00451,,2.60.120.260,
3mjg,P01127,,2.10.90.10,
3mjg,P09619,,2.60.40.10,
3mjg,P09619,,3.30.200.20,
3mjg,P09619,,1.10.510.10,
3ehu,P0AEX9,,3.40.190.10,
3ehu,P34998,,4.10.1240.10,
3ehu,P34998,,1.20.1070.10,
3ehu,P06850,,6.10.250.1920,
3s9l,P02786,,3.50.30.30,
3s9l,P02786,,1.20.930.40,
3s9l,P02786,,3.40.630.10,
3s9l,P02787,,3.40.190.10,
4mqw,P01215,,2.10.90.10,
4mqw,P01225,,2.10.90.10,
4mqw,P23945,,1.20.1070.10,
4mqw,P23945,,3.80.10.10,
1ex0,P00488,,2.60.40.10,
1ex0,P00488,,3.90.260.10,
5cu5,Q6P179,,1.25.50.20,
5cu5,Q6P179,,2.60.40.1910,
5cu5,Q6P179,,1.10.390.10,
5cu5,Q6P179,,2.60.40.1730,
2j5w,P00450,,2.60.40.420,
2p6a,P08476,,2.60.120.970,
2p6a,P08476,,2.10.90.10,
2p6a,P19883,,3.30.60.30,
2p6a,P19883,,3.90.290.10,
1de4,Q30201,,2.60.40.10,
1de4,Q30201,,3.30.500.10,
1de4,P61769,,2.60.40.10,
1de4,P02786,,3.50.30.30,
1de4,P02786,,1.20.930.40,
1de4,P02786,,3.40.630.10,
1pfq,P27487,,3.40.50.1820,
1pfq,P27487,,2.140.10.30,
1qrk,P00488,,2.60.40.10,
1qrk,P00488,,3.90.260.10,
2b0u,P08476,,2.60.120.970,
2b0u,P08476,,2.10.90.10,
2b0u,P19883,,3.30.60.30,
2b0u,P19883,,3.90.290.10,
2j0g,Q15485,,3.90.215.10,
2vxt,Q14116,,2.80.10.50,
1ybw,Q04756,,2.10.10.10,
1ybw,Q04756,,2.10.25.10,
1ybw,Q04756,,2.40.20.10,
1ybw,Q04756,,2.40.10.10,
3n95,P0AEX9,,3.40.190.10,
3n95,Q13324,,4.10.1240.10,
3n95,Q13324,,1.20.1070.10,
2pm8,P06276,,3.40.50.1820,
1jpy,Q96PD4,,2.10.90.10,
3sgk,P01857,,2.60.40.10,
3sgk,P08637,,2.60.40.10,
3kls,P01031,,1.50.10.20,
3kls,P01031,,2.20.130.20,
3kls,P01031,,2.40.50.120,
3kls,P01031,,2.60.120.1540,
3kls,P01031,,2.60.40.1930,
3kls,P01031,,2.60.40.1940,
3kls,P01031,,6.20.50.160,
3kls,P01031,,2.60.40.690,
3kls,P01031,,1.20.91.20,
3kls,P01031,,2.60.40.10,
4ypg,Q6PJF2,,2.60.40.10,
4ypg,P01563,,1.20.1250.10,
2i07,P01024,,1.50.10.20,
2i07,P01024,,2.20.130.20,
2i07,P01024,,2.40.50.120,
2i07,P01024,,2.60.120.1540,
2i07,P01024,,2.60.40.1930,
2i07,P01024,,2.60.40.1940,
2i07,P01024,,6.20.50.160,
2i07,P01024,,2.60.40.690,
2i07,P01024,,1.20.91.20,
2i07,P01024,,2.60.40.10,
4ggf,P05109,,1.10.238.10,
4ggf,P06702,,1.10.238.10,
1iri,P06744,,1.10.1390.10,
1iri,P06744,,3.40.50.10490,
2ok5,P00751,,2.40.10.120,
2ok5,P00751,,2.10.70.10,
2ok5,P00751,,3.40.50.410,
2a3w,P02743,,2.60.120.200,
2j60,O75636,,3.90.215.10,
2j60,O75636,,4.10.530.10,
1qab,P02766,,2.60.40.180,
1qab,P02753,,2.40.128.20,
2x0b,P00797,,2.40.70.10,
2x0b,P01019,,2.30.39.10,
2x0b,P01019,,3.30.497.10,
2xtj,Q8NBP7,,3.30.70.80,
2xtj,Q8NBP7,,3.40.50.200,
2xtj,Q8NBP7,,2.60.120.690,
1suv,P02786,,3.50.30.30,
1suv,P02786,,1.20.930.40,
1suv,P02786,,3.40.630.10,
1suv,P02787,,3.40.190.10,
4fao,Q9UK05,,2.60.120.970,
4fao,Q9UK05,,2.10.90.10,
4fao,P37023,,2.10.60.10,
4fao,P37023,,3.30.200.20,
4fao,P37023,,1.10.510.10,
4fao,Q13705,,2.10.60.10,
4fao,Q13705,,3.30.200.20,
4fao,Q13705,,1.10.510.10,
3cu7,P01031,,1.50.10.20,
3cu7,P01031,,2.20.130.20,
3cu7,P01031,,2.40.50.120,
3cu7,P01031,,2.60.120.1540,
3cu7,P01031,,2.60.40.1930,
3cu7,P01031,,2.60.40.1940,
3cu7,P01031,,6.20.50.160,
3cu7,P01031,,2.60.40.690,
3cu7,P01031,,1.20.91.20,
3cu7,P01031,,2.60.40.10,
2goo,P12643,,2.60.120.970,
2goo,P12643,,2.10.90.10,
2goo,P36894,,2.10.60.10,
2goo,P36894,,3.30.200.20,
2goo,P36894,,1.10.510.10,
2goo,P27038,,2.10.60.10,
2goo,P27038,,3.30.200.20,
2goo,P27038,,1.10.510.10,
4u30,P35030,,2.40.10.10,
4u30,P02760,,2.40.128.20,
4u30,P02760,,4.10.410.10,
2dez,P10082,,6.10.250.900,
2ice,P01024,,1.50.10.20,
2ice,P01024,,2.20.130.20,
2ice,P01024,,2.40.50.120,
2ice,P01024,,2.60.120.1540,
2ice,P01024,,2.60.40.1930,
2ice,P01024,,2.60.40.1940,
2ice,P01024,,6.20.50.160,
2ice,P01024,,2.60.40.690,
2ice,P01024,,1.20.91.20,
2ice,P01024,,2.60.40.10,
2ice,Q9Y279,,2.60.40.10,
4c49,P08185,,2.30.39.10,
4c49,P08185,,3.30.497.10,
5e4e,P35225,,1.20.1250.10,
5e4e,P24394,,2.60.40.10,
5e4e,P78552,,2.60.40.10,
3eo1,P01861,,2.60.40.10,
3eo1,P10600,,2.60.120.970,
3eo1,P10600,,2.10.90.10,
3d5o,P02743,,2.60.120.200,
3d5o,P12318,,2.60.40.10,
1ykb,Q9GZX6,,1.20.1250.10,
4zrq,P20062,,1.50.10.20,
4zrq,P20062,,2.170.130.30,
4zrq,Q9NPF0,,4.10.400.10,
1e05,P01008,,2.30.39.10,
1e05,P01008,,3.30.497.10,
4xx1,P04180,,3.40.50.1820,
3e50,P14735,,3.30.830.10,
3e50,P01135,,2.10.25.10,
2g1o,P00797,,2.40.70.10,
3ck0,P01837,,2.60.40.10,
3ck0,P01019,,2.30.39.10,
3ck0,P01019,,3.30.497.10,
1fie,P00488,,2.60.40.10,
1fie,P00488,,3.90.260.10,
1lq8,P05154,,2.30.39.10,
1lq8,P05154,,3.30.497.10,
4gjx,P06734,,3.10.100.10,
4wjg,P68871,,1.10.490.10,
4wjg,P00738,,2.10.70.10,
4wjg,P00738,,2.40.10.10,
4wjg,Q99TD3,,1.20.58.1270,
4wjg,Q99TD3,,2.60.40.1850,
4wjg,I7BA80,,1.20.1260.80,
4wjg,P69905,,1.10.490.10,
1tz5,P01298,,6.10.250.900,
1tz5,P01304,,6.10.250.900,
1br8,P01008,,2.30.39.10,
1br8,P01008,,3.30.497.10,
4iw4,P23827,,2.60.40.550,
4iw4,P23827,,4.10.1230.10,
4iw4,P48740,,2.10.70.10,
4iw4,P48740,,2.10.25.10,
4iw4,P48740,,2.60.120.290,
4iw4,P48740,,2.40.10.10,
2ceo,P05543,,2.30.39.10,
2ceo,P05543,,3.30.497.10,
2ceo,P05543,,2.10.310.10,
2wub,Q04756,,2.10.10.10,
2wub,Q04756,,2.10.25.10,
2wub,Q04756,,2.40.20.10,
2wub,Q04756,,2.40.10.10,
1nyu,P38444,,2.10.60.10,
1nyu,P38444,,3.30.200.20,
1nyu,P38444,,1.10.510.10,
1nyu,P08476,,2.60.120.970,
1nyu,P08476,,2.10.90.10,
1ydp,P17693,,2.60.40.10,
1ydp,P17693,,3.30.500.10,
1ydp,P61769,,2.60.40.10,
1ydp,P16104,,1.10.20.10,
2j1g,Q15485,,3.90.215.10,
1ahw,P01837,,2.60.40.10,
1ahw,P01868,,2.60.40.10,
1ahw,P13726,,2.60.40.10,
4g96,P06734,,3.10.100.10,
3b4v,P08476,,2.60.120.970,
3b4v,P08476,,2.10.90.10,
3b4v,O95633,,3.30.60.30,
3b4v,O95633,,3.90.290.10,
1n1m,P27487,,3.40.50.1820,
1n1m,P27487,,2.140.10.30,
1age,P01889,,2.60.40.10,
1age,P01889,,3.30.500.10,
1age,P61769,,2.60.40.10,
3n57,P14735,,3.30.830.10,
4ni9,P05231,,1.20.1250.10,
4dep,P01584,,2.80.10.50,
4dep,P14778,,2.60.40.10,
4dep,P14778,,3.40.50.10140,
4dep,Q9NPH3,,2.60.40.10,
4dep,Q9NPH3,,3.40.50.10140,
1kw2,P02774,,1.10.246.10,
3kyn,P17693,,2.60.40.10,
3kyn,P17693,,3.30.500.10,
3kyn,P61769,,2.60.40.10,
1jiq,P06744,,1.10.1390.10,
1jiq,P06744,,3.40.50.10490,
1v7n,P40225,,1.20.1250.10,
1j2e,P27487,,3.40.50.1820,
1j2e,P27487,,2.140.10.30,
1lot,P02774,,1.10.246.10,
1lot,P68135,,3.30.420.40,
1lot,P68135,,3.90.640.10,
2uzx,P0DQD2,,2.30.30.170,
2uzx,P0DQD2,,2.60.40.1220,
2uzx,P0DQD2,,2.60.40.4270,
2uzx,P0DQD2,,3.80.10.10,
2uzx,P08581,,2.60.40.10,
2uzx,P08581,,3.30.200.20,
2uzx,P08581,,1.10.510.10,
2uzx,P08581,,2.130.10.10,
1rlb,P02766,,2.60.40.180,
1rlb,P02753,,2.40.128.20,
1kcw,P00450,,2.60.40.420,
4rau,P02776,,2.40.50.40,
1ivo,P00533,,2.10.220.10,
1ivo,P00533,,1.20.5.420,
1ivo,P00533,,3.30.200.20,
1ivo,P00533,,3.80.20.20,
1ivo,P00533,,1.10.510.10,
1ivo,P01133,,2.10.25.10,
1ivo,P01133,,2.120.10.30,
4um9,P06756,,1.20.5.930,
4um9,P06756,,2.130.10.130,
4um9,P06756,,2.60.40.1460,
4um9,P06756,,2.60.40.1510,
4um9,P06756,,2.60.40.1530,
4um9,P18564,,4.10.1240.30,
4um9,P18564,,1.20.5.100,
4um9,P18564,,2.10.25.10,
4um9,P18564,,3.30.1680.10,
4um9,P18564,,2.60.40.1510,
4um9,P18564,,3.40.50.410,
4um9,P10600,,2.60.120.970,
4um9,P10600,,2.10.90.10,
4j1y,P09871,,2.10.70.10,
4j1y,P09871,,2.10.25.10,
4j1y,P09871,,2.60.120.290,
4j1y,P09871,,2.40.10.10,
1poz,P16070,,3.10.100.10,
2hym,P48551,,2.60.40.10,
2hym,P01563,,1.20.1250.10,
3tgx,Q9HBE5,,2.60.40.10,
3tgx,Q9HBE4,,1.20.1250.70,
1rew,P12643,,2.60.120.970,
1rew,P12643,,2.10.90.10,
1rew,P36894,,2.10.60.10,
1rew,P36894,,3.30.200.20,
1rew,P36894,,1.10.510.10,
1pgr,P09919,,1.20.1250.10,
1pgr,P40223,,2.60.40.10,
2dyp,P17693,,2.60.40.10,
2dyp,P17693,,3.30.500.10,
2dyp,P61769,,2.60.40.10,
2dyp,P16104,,1.10.20.10,
2dyp,Q8N423,,2.60.40.10,
2az5,P01375,,2.60.120.40,
1rh2,P01563,,1.20.1250.10,
4fa8,P0CW72,,2.60.40.10,
4fa8,P09603,,1.20.1250.10,
2d31,P17693,,2.60.40.10,
2d31,P17693,,3.30.500.10,
2d31,P61769,,2.60.40.10,
2d31,P16104,,1.10.20.10,
4e0s,P01031,,1.50.10.20,
4e0s,P01031,,2.20.130.20,
4e0s,P01031,,2.40.50.120,
4e0s,P01031,,2.60.120.1540,
4e0s,P01031,,2.60.40.1930,
4e0s,P01031,,2.60.40.1940,
4e0s,P01031,,6.20.50.160,
4e0s,P01031,,2.60.40.690,
4e0s,P01031,,1.20.91.20,
4e0s,P01031,,2.60.40.10,
4e0s,P13671,,3.30.60.30,
4e0s,P13671,,2.10.70.10,
4e0s,P13671,,4.10.400.10,
4e0s,P13671,,2.20.100.10,
1a5h,P00750,,2.10.70.10,
1a5h,P00750,,2.10.25.10,
1a5h,P00750,,2.40.20.10,
1a5h,P00750,,2.40.10.10,
1ma9,P02774,,1.10.246.10,
1ma9,P68135,,3.30.420.40,
1ma9,P68135,,3.90.640.10,
1s4y,P27040,,2.10.60.10,
1s4y,P27040,,3.30.200.20,
1s4y,P27040,,1.10.510.10,
1s4y,P08476,,2.60.120.970,
1s4y,P08476,,2.10.90.10,
4adf,P03228,,2.60.40.10,
4adf,P09603,,1.20.1250.10,
2j3o,Q15485,,3.90.215.10,
1a6z,Q30201,,2.60.40.10,
1a6z,Q30201,,3.30.500.10,
1a6z,P61769,,2.60.40.10,
2a3x,P02743,,2.60.120.200,
4ay9,P01215,,2.10.90.10,
4ay9,P01225,,2.10.90.10,
4ay9,P23945,,1.20.1070.10,
4ay9,P23945,,3.80.10.10,
1jmj,P05546,,2.30.39.10,
1jmj,P05546,,3.30.497.10,
3mjk,P04085,,2.10.90.10,
3ux9,P01562,,1.20.1250.10,
4xjk,P05109,,1.10.238.10,
4xjk,P06702,,1.10.238.10,
2j5z,O75636,,3.90.215.10,
2j5z,O75636,,4.10.530.10,
2a73,P01024,,1.50.10.20,
2a73,P01024,,2.20.130.20,
2a73,P01024,,2.40.50.120,
2a73,P01024,,2.60.120.1540,
2a73,P01024,,2.60.40.1930,
2a73,P01024,,2.60.40.1940,
2a73,P01024,,6.20.50.160,
2a73,P01024,,2.60.40.690,
2a73,P01024,,1.20.91.20,
2a73,P01024,,2.60.40.10,
4gj0,P06734,,3.10.100.10,
3fxi,O00206,,3.80.10.10,
3fxi,O00206,,3.40.50.10140,
3fxi,Q9Y6Y9,,2.60.40.770,
3se6,Q6P179,,1.25.50.20,
3se6,Q6P179,,2.60.40.1910,
3se6,Q6P179,,1.10.390.10,
3se6,Q6P179,,2.60.40.1730,
3d0g,Q56NL1,,1.10.1370.30,
3d0g,Q9BYF1,,1.10.1370.30,
3d0g,P59594,,1.20.5.300,
3d0g,P59594,,3.30.70.1840,
3d0g,P59594,,1.20.5.790,
3d0g,P59594,,2.60.120.960,
5ab0,Q6P179,,1.25.50.20,
5ab0,Q6P179,,2.60.40.1910,
5ab0,Q6P179,,1.10.390.10,
5ab0,Q6P179,,2.60.40.1730,
2icf,P01024,,1.50.10.20,
2icf,P01024,,2.20.130.20,
2icf,P01024,,2.40.50.120,
2icf,P01024,,2.60.120.1540,
2icf,P01024,,2.60.40.1930,
2icf,P01024,,2.60.40.1940,
2icf,P01024,,6.20.50.160,
2icf,P01024,,2.60.40.690,
2icf,P01024,,1.20.91.20,
2icf,P01024,,2.60.40.10,
2icf,Q9Y279,,2.60.40.10,
2z3r,P40933,,1.20.1250.70,
2z3r,Q13261,,2.20.28.230,
4ht1,O43508,,2.60.120.40,
1es7,P12643,,2.60.120.970,
1es7,P12643,,2.10.90.10,
1es7,P36894,,2.10.60.10,
1es7,P36894,,3.30.200.20,
1es7,P36894,,1.10.510.10,
1fzc,P02671,,1.20.5.50,
1fzc,P02671,,3.90.215.10,
1fzc,P02671,,4.10.530.10,
1fzc,P02675,,1.20.5.50,
1fzc,P02675,,3.90.215.10,
1fzc,P02679,,1.20.5.50,
1fzc,P02679,,3.90.215.10,
1fzc,P02679,,4.10.530.10,
1bim,P00797,,2.40.70.10,
3bpn,P05112,,1.20.1250.10,
3bpn,P24394,,2.60.40.10,
3bpn,P78552,,2.60.40.10,
1ao6,P02768,,1.10.246.10,
1hjv,P36222,,3.10.50.10,
1hjv,P36222,,3.20.20.80,
3n93,P0AEX9,,3.40.190.10,
3n93,Q13324,,4.10.1240.10,
3n93,Q13324,,1.20.1070.10,
1bp5,P02787,,3.40.190.10,
1nd5,P15309,,3.40.50.1240,
3h44,P14735,,3.30.830.10,
3h44,P10147,,2.40.50.40,
5aej,O60565,,2.10.90.10,
3l5w,P35225,,1.20.1250.10,
4dke,Q6ZMJ4,,1.20.1250.80,
1igl,P01344,,1.10.100.10,
1xx9,P03951,,3.50.4.10,
1xx9,P03951,,2.40.10.10,
1xx9,P23827,,2.60.40.550,
1xx9,P23827,,4.10.1230.10,
1xjl,P07355,,1.10.220.10,
2j3f,Q15485,,3.90.215.10,
1ggy,P00488,,2.60.40.10,
1ggy,P00488,,3.90.260.10,
1rtn,P13501,,2.40.50.40,
1dvm,P05121,,2.30.39.10,
1dvm,P05121,,3.30.497.10,
3kyo,P17693,,2.60.40.10,
3kyo,P17693,,3.30.500.10,
3kyo,P61769,,2.60.40.10,
1fns,P04275,,2.10.25.10,
1fns,P04275,,3.40.50.410,
1fns,P01868,,2.60.40.10,
1fns,P01837,,2.60.40.10,
3n56,P14735,,3.30.830.10,
3es6,P25311,,2.60.40.10,
3es6,P25311,,3.30.500.10,
3es6,P12273,,2.60.40.10,
1mox,P00533,,2.10.220.10,
1mox,P00533,,1.20.5.420,
1mox,P00533,,3.30.200.20,
1mox,P00533,,3.80.20.20,
1mox,P00533,,1.10.510.10,
1mox,P01135,,2.10.25.10,
1ilp,P10145,,2.40.50.40,
1ilp,P25024,,1.20.1070.10,
1gmo,P14210,,3.50.4.10,
1gmo,P14210,,2.40.20.10,
1gmo,P14210,,2.40.10.10,
1evu,P00488,,2.60.40.10,
1evu,P00488,,3.90.260.10,
4ezm,P01854,,2.60.40.10,
4ezm,P06734,,3.10.100.10,
1csb,P07858,,3.90.70.10,
2ly4,P09429,,1.10.30.10,
2ly4,P04637,,2.60.40.720,
2ly4,P04637,,6.10.50.20,
2ly4,P04637,,4.10.170.10,
2ol2,P05154,,2.30.39.10,
2ol2,P05154,,3.30.497.10,
1x3b,Q15582,,2.30.180.10,
1lj7,P02741,,2.60.120.200,
3kbh,Q9BYF1,,1.10.1370.30,
3kbh,Q6Q1S2,,1.20.5.300,
3kbh,Q6Q1S2,,2.60.40.3130,
3wsy,Q92673,,2.10.70.80,
3wsy,Q92673,,3.30.60.270,
3wsy,Q92673,,2.60.40.10,
3wsy,Q92673,,4.10.400.10,
3wsy,Q92673,,2.120.10.30,
3wsy,Q92673,,2.130.10.10,
1tkr,P27487,,3.40.50.1820,
1tkr,P27487,,2.140.10.30,
3s9m,P02786,,3.50.30.30,
3s9m,P02786,,1.20.930.40,
3s9m,P02786,,3.40.630.10,
3s9m,P02787,,3.40.190.10,
2rel,P19957,,4.10.75.10,
1nd6,P15309,,3.40.50.1240,
2lms,P01563,,1.20.1250.10,
3bzf,P13747,,2.60.40.10,
3bzf,P13747,,3.30.500.10,
3bzf,P61769,,2.60.40.10,
3bzf,P10321,,2.60.40.10,
3bzf,P10321,,3.30.500.10,
2mse,P02647,,1.20.5.20,
2mse,P02647,,6.10.140.380,
2mse,P02647,,1.20.120.20,
2mse,P01116,,3.40.50.300,
2mse,P10398,,3.30.60.20,
2mse,P10398,,3.10.20.90,
2mse,P10398,,3.30.200.20,
2mse,P10398,,1.10.510.10,
2esv,P13747,,2.60.40.10,
2esv,P13747,,3.30.500.10,
2esv,P61769,,2.60.40.10,
2esv,P01848,,2.60.40.10,
2esv,P01850,,2.60.40.10,
4kty,P00488,,2.60.40.10,
4kty,P00488,,3.90.260.10,
2ytw,Q92743,,2.30.42.10,
2ytw,Q92743,,2.40.10.120,
2ytw,Q92743,,3.30.60.30,
2ytw,Q92743,,4.10.40.20,
4n90,P50591,,2.60.120.40,
4n90,O14763,,1.10.533.10,
4n90,O14763,,2.10.50.10,
1a1n,P01889,,2.60.40.10,
1a1n,P01889,,3.30.500.10,
1a1n,P61769,,2.60.40.10,
2p4i,Q02763,,2.60.40.10,
2p4i,Q02763,,3.30.200.20,
2p4i,Q02763,,2.170.300.10,
2p4i,Q02763,,1.10.510.10,
1rwq,P27487,,3.40.50.1820,
1rwq,P27487,,2.140.10.30,
3d0h,Q56NL1,,1.10.1370.30,
3d0h,Q9BYF1,,1.10.1370.30,
3d0h,P59594,,1.20.5.300,
3d0h,P59594,,3.30.70.1840,
3d0h,P59594,,1.20.5.790,
3d0h,P59594,,2.60.120.960,
1p9m,P40189,,2.60.40.10,
1p9m,P05231,,1.20.1250.10,
1p9m,P08887,,2.60.40.10,
2zjc,P01375,,2.60.120.40,
3jvf,Q96PD4,,2.10.90.10,
3jvf,Q96F46,,3.40.50.11530,
3jvf,Q96F46,,2.60.40.2160,
3jvf,Q96F46,,2.60.40.2150,
1qty,P15692,,2.10.90.10,
1qty,P15692,,2.10.160.10,
1qty,P17948,,2.60.40.10,
1qty,P17948,,3.30.200.20,
1qty,P17948,,1.10.510.10,
4ymd,Q9BWP8,,3.10.100.10,
2osc,Q02763,,2.60.40.10,
2osc,Q02763,,3.30.200.20,
2osc,Q02763,,2.170.300.10,
2osc,Q02763,,1.10.510.10,
4fl5,P31947,,1.20.190.20,
2kll,O95760,,2.80.10.50,
4r9y,P02776,,2.40.50.40,
3wsz,Q92673,,2.10.70.80,
3wsz,Q92673,,3.30.60.270,
3wsz,Q92673,,2.60.40.10,
3wsz,Q92673,,4.10.400.10,
3wsz,Q92673,,2.120.10.30,
3wsz,Q92673,,2.130.10.10,
2arp,P08476,,2.60.120.970,
2arp,P08476,,2.10.90.10,
2arp,P21674,,3.30.60.30,
2arp,P21674,,3.90.290.10,
2nyz,O41925,,2.60.40.1330,
2nyz,O41925,,2.60.40.1340,
2nyz,P47992,,2.40.50.40,
1ilq,P10145,,2.40.50.40,
1ilq,P25024,,1.20.1070.10,
1a22,P01241,,1.20.1250.10,
1a22,P10912,,2.60.40.10,
1awz,P03950,,3.10.130.10,
4doh,Q9NYY1,,1.20.1250.10,
4doh,Q6UXL0,,2.60.40.10,
4doh,Q9UHF4,,2.60.40.10,
4qci,P01127,,2.10.90.10,
2h64,P12643,,2.60.120.970,
2h64,P12643,,2.10.90.10,
2h64,P36894,,2.10.60.10,
2h64,P36894,,3.30.200.20,
2h64,P36894,,1.10.510.10,
2h64,P27040,,2.10.60.10,
2h64,P27040,,3.30.200.20,
2h64,P27040,,1.10.510.10,
2hi9,P05154,,2.30.39.10,
2hi9,P05154,,3.30.497.10,
2jyo,P78556,,2.40.50.40,
3dem,P48740,,2.10.70.10,
3dem,P48740,,2.10.25.10,
3dem,P48740,,2.60.120.290,
3dem,P48740,,2.40.10.10,
1psi,P01009,,2.30.39.10,
1psi,P01009,,3.30.497.10,
1psi,P01009,,2.10.310.10,
2n5e,P02647,,1.20.5.20,
2n5e,P02647,,6.10.140.380,
2n5e,P02647,,1.20.120.20,
2x1w,P49767,,2.10.90.10,
2x1w,P35968,,2.60.40.10,
2x1w,P35968,,3.30.200.20,
2x1w,P35968,,1.10.510.10,
2m8s,Q60739,,1.20.58.120,
2m8s,Q60739,,3.10.20.90,
2m8s,Q99075,,2.10.25.10,
1mhe,P13747,,2.60.40.10,
1mhe,P13747,,3.30.500.10,
1mhe,P61769,,2.60.40.10,
4r8i,P13500,,2.40.50.40,
1cx8,P02786,,3.50.30.30,
1cx8,P02786,,1.20.930.40,
1cx8,P02786,,3.40.630.10,
1cd9,P09919,,1.20.1250.10,
1cd9,P40223,,2.60.40.10,
4e36,Q6P179,,1.25.50.20,
4e36,Q6P179,,2.60.40.1910,
4e36,Q6P179,,1.10.390.10,
4e36,Q6P179,,2.60.40.1730,
1lk3,P22301,,1.20.1250.10,
1lk3,P20759,,2.60.40.10,
1lk3,P01835,,2.60.40.10,
3qs9,P49771,,1.20.1250.10,
3qs9,P36888,,2.60.40.10,
3qs9,P36888,,3.30.200.20,
3qs9,P36888,,1.10.510.10,
2vxs,Q16552,,2.10.90.10,
1xk4,P05109,,1.10.238.10,
1xk4,P06702,,1.10.238.10,
4cni,P05231,,1.20.1250.10,
1boe,P24593,,4.10.40.20,
1boe,P24593,,4.10.800.10,
3scj,Q9BYF1,,1.10.1370.30,
3scj,P59594,,1.20.5.300,
3scj,P59594,,3.30.70.1840,
3scj,P59594,,1.20.5.790,
3scj,P59594,,2.60.120.960,
4jbs,Q6P179,,1.25.50.20,
4jbs,Q6P179,,2.60.40.1910,
4jbs,Q6P179,,1.10.390.10,
4jbs,Q6P179,,2.60.40.1730,
5ebb,Q92484,,3.60.21.10,
4hsa,Q16552,,2.10.90.10,
4hsa,Q96F46,,3.40.50.11530,
4hsa,Q96F46,,2.60.40.2160,
4hsa,Q96F46,,2.60.40.2150,
3woo,V5YM14,,2.40.10.10,
3woo,P01019,,2.30.39.10,
3woo,P01019,,3.30.497.10,
3l2y,P02741,,2.60.120.200,
2v5p,P11717,,2.10.10.10,
2v5p,P11717,,2.70.130.10,
2v5p,P01344,,1.10.100.10,
4o9h,P05231,,1.20.1250.10,
4obz,P07339,,2.40.70.10,
3cii,P13747,,2.60.40.10,
3cii,P13747,,3.30.500.10,
3cii,P61769,,2.60.40.10,
3cii,P17693,,2.60.40.10,
3cii,P17693,,3.30.500.10,
3cii,Q13241,,3.10.100.10,
3cii,P26715,,3.10.100.10,
3uez,P03228,,2.60.40.10,
3uez,P09603,,1.20.1250.10,
1m11,Q914E0,,1.20.960.20,
1m11,Q914E0,,2.60.120.20,
1m11,Q914E0,,3.30.70.270,
1m11,Q914E0,,4.10.80.10,
1m11,Q914E0,,6.10.20.20,
1m11,Q914E0,,4.10.880.10,
1m11,Q914E0,,2.40.10.10,
1m11,P08174,,2.10.70.10,
4cl7,P17948,,2.60.40.10,
4cl7,P17948,,3.30.200.20,
4cl7,P17948,,1.10.510.10,
5d70,P04141,,1.20.1250.10,
1c0f,P07830,,3.30.420.40,
1c0f,P07830,,3.90.640.10,
1c0f,P06396,,3.40.20.10,
4k24,P00749,,2.10.25.10,
4k24,P00749,,2.40.20.10,
4k24,P00749,,2.40.10.10,
4k24,P04004,,4.10.410.20,
4k24,P04004,,2.110.10.10,
4k24,Q03405,,2.10.60.10,
3ojy,P07357,,4.10.400.10,
3ojy,P07357,,2.20.100.10,
3ojy,P07358,,4.10.400.10,
3ojy,P07358,,2.20.100.10,
3ojy,P07360,,2.40.128.20,
1cvi,P15309,,3.40.50.1240,
1o7y,P02778,,2.40.50.40,
2l29,P11717,,2.10.10.10,
2l29,P11717,,2.70.130.10,
2l29,P01344,,1.10.100.10,
1d2q,P50591,,2.60.120.40,
5ebe,Q92484,,3.60.21.10,
1uj3,P13726,,2.60.40.10,
2qj9,P12643,,2.60.120.970,
2qj9,P12643,,2.10.90.10,
2qj9,P36894,,2.10.60.10,
2qj9,P36894,,3.30.200.20,
2qj9,P36894,,1.10.510.10,
5du3,P05155,,2.30.39.10,
5du3,P05155,,3.30.497.10,
2m74,P35555,,2.10.25.10,
2m74,P35555,,3.90.290.10,
1d0g,P50591,,2.60.120.40,
1d0g,O14763,,1.10.533.10,
1d0g,O14763,,2.10.50.10,
4y49,P12945,,1.25.40.1010,
4y49,P12945,,1.25.40.1040,
4y49,P07347,,3.40.630.30,
4y49,Q08689,,3.40.630.30,
1dle,P00751,,2.40.10.120,
1dle,P00751,,2.10.70.10,
1dle,P00751,,3.40.50.410,
1n73,P02674,,1.20.5.50,
1n73,P02678,,1.20.5.50,
1n73,P02678,,3.90.215.10,
1n73,P04115,,1.20.5.50,
1n73,P04115,,3.90.215.10,
1n73,P04115,,4.10.530.10,
1n73,P02675,,1.20.5.50,
1n73,P02675,,3.90.215.10,
2g48,P14735,,3.30.830.10,
2g48,P10997,,6.10.250.2190,
4kkd,P48740,,2.10.70.10,
4kkd,P48740,,2.10.25.10,
4kkd,P48740,,2.60.120.290,
4kkd,P48740,,2.40.10.10,
4ogx,P03952,,3.50.4.10,
4ogx,P03952,,2.40.10.10,
4ogx,S6C4R2,,2.60.40.10,
4ogx,Q7Z3Y4,,2.60.40.10,
1pfm,P02776,,2.40.50.40,
4mxw,P01374,,2.60.120.40,
4mxw,Q06643,,2.60.120.40,
4mxw,P36941,,2.10.50.10,
3sck,Q9BYF1,,1.10.1370.30,
3sck,Q56NL1,,1.10.1370.30,
3sck,P59594,,1.20.5.300,
3sck,P59594,,3.30.70.1840,
3sck,P59594,,1.20.5.790,
3sck,P59594,,2.60.120.960,
1jlh,P06744,,1.10.1390.10,
1jlh,P06744,,3.40.50.10490,
1yk1,P17342,,3.40.50.2300,
4ay1,Q15782,,3.10.50.10,
4ay1,Q15782,,3.20.20.80,
2oqp,Q9HBE4,,1.20.1250.70,
1hjw,P36222,,3.10.50.10,
1hjw,P36222,,3.20.20.80,
2bdn,P13500,,2.40.50.40,
1hcg,P00742,,4.10.740.10,
1hcg,P00742,,2.10.25.10,
1hcg,P00742,,2.40.10.10,
3j2q,P00451,,2.60.40.420,
3j2q,P00451,,2.60.120.260,
1e7a,P02768,,1.10.246.10,
3qt2,Q01344,,2.60.40.10,
3qt2,P05113,,1.20.1250.10,
3cvm,P05121,,2.30.39.10,
3cvm,P05121,,3.30.497.10,
1w7b,P07355,,1.10.220.10,
4zrp,P20062,,1.50.10.20,
4zrp,P20062,,2.170.130.30,
4zrp,Q9NPF0,,4.10.400.10,
2j3u,Q15485,,3.90.215.10,
3se3,P17181,,2.60.40.10,
3se3,P01563,,1.20.1250.10,
3se3,P48551,,2.60.40.10,
1oqe,Q9Y275,,2.60.120.40,
2qja,P12643,,2.60.120.970,
2qja,P12643,,2.10.90.10,
2qja,P36894,,2.10.60.10,
2qja,P36894,,3.30.200.20,
2qja,P36894,,1.10.510.10,
1a8m,P01375,,2.60.120.40,
4grw,Q9NPF7,,1.20.1250.10,
4grw,P29460,,2.60.40.10,
3am8,P13747,,2.60.40.10,
3am8,P13747,,3.30.500.10,
3am8,P61769,,2.60.40.10,
1bj1,P15692,,2.10.90.10,
1bj1,P15692,,2.10.160.10,
1zag,P25311,,2.60.40.10,
1zag,P25311,,3.30.500.10,
4dkc,Q6ZMJ4,,1.20.1250.80,
3uf2,P09603,,1.20.1250.10,
2msx,O43278,,2.60.40.10,
2msx,O43278,,4.10.400.10,
2msx,O43278,,4.10.410.10,
1v7m,P40225,,1.20.1250.10,
4kkj,P20061,,1.50.10.20,
4kkj,P20061,,2.170.130.30,
1dej,P10992,,3.30.420.40,
1dej,P10992,,3.90.640.10,
1dej,P06396,,3.40.20.10,
3lb6,P35225,,1.20.1250.10,
3lb6,Q14627,,2.60.40.10,
1tnf,P01375,,2.60.120.40,
1g2m,P00742,,4.10.740.10,
1g2m,P00742,,2.10.25.10,
1g2m,P00742,,2.40.10.10,
2gdd,P20231,,2.40.10.10,
3o2y,P41222,,2.40.128.20,
1dva,P08709,,4.10.740.10,
1dva,P08709,,2.10.25.10,
1dva,P08709,,2.40.10.10,
4mxv,P01374,,2.60.120.40,
4r3z,Q12904,,2.40.50.140,
4r3z,P54136,,3.30.1360.70,
4r3z,P54136,,3.40.50.620,
4r3z,P54136,,1.10.730.10,
4r3z,P47897,,1.10.10.2420,
4r3z,P47897,,1.10.8.1290,
4r3z,P47897,,3.40.50.620,
4r3z,P47897,,2.40.240.10,
1xlu,P06276,,3.40.50.1820,
1e88,P02751,,2.10.70.10,
1e88,P02751,,2.10.10.10,
1e88,P02751,,2.60.40.10,
1tz4,P01304,,6.10.250.900,
1tz4,P01298,,6.10.250.900,
2j64,O75636,,3.90.215.10,
2j64,O75636,,4.10.530.10,
1fzv,P49763,,2.10.90.10,
1f13,P00488,,2.60.40.10,
1f13,P00488,,3.90.260.10,
2bm2,P20231,,2.40.10.10,
1iox,P35070,,2.10.25.10,
2jlp,P08294,,2.60.40.200,
2nlu,P51858,,2.30.30.140,
3tjo,Q92743,,2.30.42.10,
3tjo,Q92743,,2.40.10.120,
3tjo,Q92743,,3.30.60.30,
3tjo,Q92743,,4.10.40.20,
3tjn,Q92743,,2.30.42.10,
3tjn,Q92743,,2.40.10.120,
3tjn,Q92743,,3.30.60.30,
3tjn,Q92743,,4.10.40.20,
1fdp,P00746,,2.40.10.10,
5dmi,P25942,,2.10.50.10,
2d39,O00602,,3.90.215.10,
1bcn,P05112,,1.20.1250.10,
1nql,P00533,,2.10.220.10,
1nql,P00533,,1.20.5.420,
1nql,P00533,,3.30.200.20,
1nql,P00533,,3.80.20.20,
1nql,P00533,,1.10.510.10,
1nql,P01133,,2.10.25.10,
1nql,P01133,,2.120.10.30,
1m10,P04275,,2.10.25.10,
1m10,P04275,,3.40.50.410,
1m10,P07359,,3.80.10.10,
1tk3,P27487,,3.40.50.1820,
1tk3,P27487,,2.140.10.30,
2wcy,P10643,,3.30.60.30,
2wcy,P10643,,2.10.70.10,
2wcy,P10643,,4.10.400.10,
2wcy,P10643,,2.20.100.10,
1aiy,P01308,,1.10.100.10,
2bb5,P20062,,1.50.10.20,
2bb5,P20062,,2.170.130.30,
4b0f,P04003,,1.20.5.3730,
4b0f,P04003,,2.10.70.10,
3sci,Q9BYF1,,1.10.1370.30,
3sci,P59594,,1.20.5.300,
3sci,P59594,,3.30.70.1840,
3sci,P59594,,1.20.5.790,
3sci,P59594,,2.60.120.960,
3d34,Q9BUD6,,2.60.40.2130,
3d34,Q9BUD6,,2.20.100.10,
3d0i,Q9BYF1,,1.10.1370.30,
3d0i,Q56NL1,,1.10.1370.30,
3d0i,P59594,,1.20.5.300,
3d0i,P59594,,3.30.70.1840,
3d0i,P59594,,1.20.5.790,
3d0i,P59594,,2.60.120.960,
3d87,Q9NPF7,,1.20.1250.10,
3d87,P29460,,2.60.40.10,
1ny2,P00734,,2.40.20.10,
1ny2,P00734,,4.10.140.10,
1ny2,P00734,,2.40.10.10,
1ny2,P28504,,2.70.10.10,
1ny2,P01042,,3.10.450.10,
2e5b,P43490,,3.20.20.70,
1ff7,P08709,,4.10.740.10,
1ff7,P08709,,2.10.25.10,
1ff7,P08709,,2.40.10.10,
2za5,P20231,,2.40.10.10,
3mdj,Q9NZ08,,1.25.50.20,
3mdj,Q9NZ08,,2.60.40.1910,
3mdj,Q9NZ08,,1.10.390.10,
3mdj,Q9NZ08,,2.60.40.1730,
1mgs,P09341,,2.40.50.40,
3u7u,Q15303,,6.10.250.880,
3u7u,Q15303,,2.10.220.10,
3u7u,Q15303,,3.30.200.20,
3u7u,Q15303,,3.80.20.20,
3u7u,Q15303,,1.10.510.10,
3u7u,Q02297,,2.60.40.10,
3u7u,Q02297,,2.10.25.10,
1n1f,Q9UHD0,,1.20.1250.10,
1itf,P01563,,1.20.1250.10,
3n0p,P01236,,1.20.1250.10,
3n0p,P16471,,2.60.40.10,
1py2,P60568,,1.20.1250.10,
3duh,P29460,,2.60.40.10,
3duh,Q9NPF7,,1.20.1250.10,
2j0y,Q15485,,3.90.215.10,
2zfh,O60888,,3.30.70.120,
5bv7,P04180,,3.40.50.1820,
1fl7,P01215,,2.10.90.10,
1fl7,P01225,,2.10.90.10,
2gvj,P43490,,3.20.20.70,
3ncb,P01236,,1.20.1250.10,
3ncb,P16471,,2.60.40.10,
1kat,P15692,,2.10.90.10,
1kat,P15692,,2.10.160.10,
1rw5,P01236,,1.20.1250.10,
1ca0,P00766,,2.40.10.10,
1ca0,P05067,,1.20.120.770,
1ca0,P05067,,4.10.230.10,
1ca0,P05067,,3.30.1490.140,
1ca0,P05067,,3.90.570.10,
1ca0,P05067,,4.10.410.10,
1ca0,P05067,,2.30.29.30,
2e5c,P43490,,3.20.20.70,
2p4e,Q8NBP7,,3.30.70.80,
2p4e,Q8NBP7,,3.40.50.200,
2p4e,Q8NBP7,,2.60.120.690,
1i9r,P29965,,2.60.120.40,
1pe3,Q07654,,4.10.110.10,
4p0j,Q9UBH0,,2.80.10.50,
4p0j,Q9NZH8,,2.80.10.50,
1u4r,P13501,,2.40.50.40,
2kvd,P55145,,1.10.720.30,
2kvd,P55145,,1.10.225.10,
2z65,O00206,,3.80.10.10,
2z65,O00206,,3.40.50.10140,
2z65,Q4G1L2,,3.80.10.10,
2z65,Q9Y6Y9,,2.60.40.770,
1r42,Q9BYF1,,1.10.1370.30,
2zed,Q16769,,3.40.630.10,
4g9a,P06734,,3.10.100.10,
4glp,P08571,,3.80.10.10,
1tnr,P01374,,2.60.120.40,
1tnr,P19438,,1.10.533.10,
1tnr,P19438,,2.10.50.10,
1bj5,P02768,,1.10.246.10,
1tzh,P15692,,2.10.90.10,
1tzh,P15692,,2.10.160.10,
5cor,P10147,,2.40.50.40,
3dgr,P43490,,3.20.20.70,
1fzb,P02671,,1.20.5.50,
1fzb,P02671,,3.90.215.10,
1fzb,P02671,,4.10.530.10,
1fzb,P02675,,1.20.5.50,
1fzb,P02675,,3.90.215.10,
1fzb,P02679,,1.20.5.50,
1fzb,P02679,,3.90.215.10,
1fzb,P02679,,4.10.530.10,
1j0s,Q14116,,2.80.10.50,
2gy5,Q02763,,2.60.40.10,
2gy5,Q02763,,3.30.200.20,
2gy5,Q02763,,2.170.300.10,
2gy5,Q02763,,1.10.510.10,
1xxd,P03951,,3.50.4.10,
1xxd,P03951,,2.40.10.10,
1xxd,P23827,,2.60.40.550,
1xxd,P23827,,4.10.1230.10,
4ral,P14735,,3.30.830.10,
4ral,P13236,,2.40.50.40,
2gox,P01024,,1.50.10.20,
2gox,P01024,,2.20.130.20,
2gox,P01024,,2.40.50.120,
2gox,P01024,,2.60.120.1540,
2gox,P01024,,2.60.40.1930,
2gox,P01024,,2.60.40.1940,
2gox,P01024,,6.20.50.160,
2gox,P01024,,2.60.40.690,
2gox,P01024,,1.20.91.20,
2gox,P01024,,2.60.40.10,
2gox,P68799,,1.10.10.1270,
1o8t,P02655,,1.10.1440.10,
1snl,Q02818,,1.10.238.10,
3tje,P25445,,1.10.533.10,
3tje,P25445,,2.10.50.10,
3ula,O00206,,3.80.10.10,
3ula,O00206,,3.40.50.10140,
3ula,Q4G1L2,,3.80.10.10,
3ula,Q9Y6Y9,,2.60.40.770,
1fza,P02671,,1.20.5.50,
1fza,P02671,,3.90.215.10,
1fza,P02671,,4.10.530.10,
1fza,P02675,,1.20.5.50,
1fza,P02675,,3.90.215.10,
1fza,P02679,,1.20.5.50,
1fza,P02679,,3.90.215.10,
1fza,P02679,,4.10.530.10,
1bke,P02768,,1.10.246.10,
3nwu,Q92743,,2.30.42.10,
3nwu,Q92743,,2.40.10.120,
3nwu,Q92743,,3.30.60.30,
3nwu,Q92743,,4.10.40.20,
2k03,P48061,,2.40.50.40,
2k03,P61073,,1.20.1070.10,
3ma2,P50281,,3.40.390.10,
3ma2,P50281,,2.110.10.10,
3ma2,P50281,,1.10.101.10,
3ma2,P01033,,2.40.50.120,
3ma2,P01033,,3.90.370.10,
1xk8,O60888,,3.30.70.120,
2zhm,O00182,,2.60.120.200,
1d4v,O14763,,1.10.533.10,
1d4v,O14763,,2.10.50.10,
1d4v,P50591,,2.60.120.40,
1fph,P02671,,1.20.5.50,
1fph,P02671,,3.90.215.10,
1fph,P02671,,4.10.530.10,
1fph,P00734,,2.40.20.10,
1fph,P00734,,4.10.140.10,
1fph,P00734,,2.40.10.10,
1fph,P28506,,2.70.10.10,
1e7f,P02768,,1.10.246.10,
3cdz,P00451,,2.60.40.420,
3cdz,P00451,,2.60.120.260,
3mrk,P04439,,2.60.40.10,
3mrk,P04439,,3.30.500.10,
3mrk,P61769,,2.60.40.10,
3mrk,P02771,,1.10.246.10,
1o8r,Q02747,,3.90.1450.10,
1f7e,P08709,,4.10.740.10,
1f7e,P08709,,2.10.25.10,
1f7e,P08709,,2.40.10.10,
2fww,P20231,,2.40.10.10,
2yg2,O95445,,2.40.128.20,
1jfn,P08519,,2.40.20.10,
1jfn,P08519,,2.40.10.10,
2hpa,P15309,,3.40.50.1240,
1aut,P04070,,4.10.740.10,
1aut,P04070,,2.10.25.10,
1aut,P04070,,2.40.10.10,
1f45,P29460,,2.60.40.10,
1f45,P29459,,1.20.1250.10,
1d00,Q12933,,1.20.5.170,
1d00,Q12933,,2.60.210.10,
1d00,Q12933,,3.30.40.10,
1d00,P25942,,2.10.50.10,
1iti,P05112,,1.20.1250.10,
1jdp,P17342,,3.40.50.2300,
3g9v,Q969J5,,2.60.40.10,
3g9v,Q9GZX6,,1.20.1250.10,
2r37,P22352,,3.40.30.10,
1ggt,P00488,,2.60.40.10,
1ggt,P00488,,3.90.260.10,
1j78,P02774,,1.10.246.10,
1xwe,P01031,,1.50.10.20,
1xwe,P01031,,2.20.130.20,
1xwe,P01031,,2.40.50.120,
1xwe,P01031,,2.60.120.1540,
1xwe,P01031,,2.60.40.1930,
1xwe,P01031,,2.60.40.1940,
1xwe,P01031,,6.20.50.160,
1xwe,P01031,,2.60.40.690,
1xwe,P01031,,1.20.91.20,
1xwe,P01031,,2.60.40.10,
3czu,P29317,,2.60.40.1770,
3czu,P29317,,2.60.120.260,
3czu,P29317,,2.60.40.10,
3czu,P29317,,3.30.200.20,
3czu,P29317,,1.20.5.510,
3czu,P29317,,1.10.150.50,
3czu,P29317,,1.10.510.10,
3czu,P29317,,2.10.50.10,
3czu,P20827,,2.60.40.420,
1dan,P08709,,4.10.740.10,
1dan,P08709,,2.10.25.10,
1dan,P08709,,2.40.10.10,
1dan,P13726,,2.60.40.10,
1fyr,P62993,,3.30.505.10,
1fyr,P62993,,2.30.30.40,
1fyr,P08581,,2.60.40.10,
1fyr,P08581,,3.30.200.20,
1fyr,P08581,,1.10.510.10,
1fyr,P08581,,2.130.10.10,
2wuc,Q04756,,2.10.10.10,
2wuc,Q04756,,2.10.25.10,
2wuc,Q04756,,2.40.20.10,
2wuc,Q04756,,2.40.10.10,
3qwr,P29460,,2.60.40.10,
3qwr,Q9NPF7,,1.20.1250.10,
1bf9,P08709,,4.10.740.10,
1bf9,P08709,,2.10.25.10,
1bf9,P08709,,2.40.10.10,
1bbs,P00797,,2.40.70.10,
1o9a,P02751,,2.10.70.10,
1o9a,P02751,,2.10.10.10,
1o9a,P02751,,2.60.40.10,
1o9a,Q53971,,2.60.40.1280,
1o9a,Q53971,,2.60.40.1140,
1o9a,Q53971,,2.60.40.10,
4dtg,P10646,,4.10.410.10,
2xqb,P40933,,1.20.1250.70,
3qrd,P01034,,3.10.450.10,
1ltj,P02671,,1.20.5.50,
1ltj,P02671,,3.90.215.10,
1ltj,P02671,,4.10.530.10,
1ltj,P02675,,1.20.5.50,
1ltj,P02675,,3.90.215.10,
1ltj,P02679,,1.20.5.50,
1ltj,P02679,,3.90.215.10,
1ltj,P02679,,4.10.530.10,
1gmn,P14210,,3.50.4.10,
1gmn,P14210,,2.40.20.10,
1gmn,P14210,,2.40.10.10,
5cir,P50591,,2.60.120.40,
5cir,O00220,,1.10.533.10,
5cir,O00220,,2.10.50.10,
1bda,P00750,,2.10.70.10,
1bda,P00750,,2.10.25.10,
1bda,P00750,,2.40.20.10,
1bda,P00750,,2.40.10.10,
1xdt,Q99075,,2.10.25.10,
1xdt,P00588,,3.90.175.10,
1xdt,P00588,,2.60.40.700,
1xdt,P00588,,1.10.490.40,
3bpo,P35225,,1.20.1250.10,
3bpo,P24394,,2.60.40.10,
3bpo,P78552,,2.60.40.10,
1nk1,P14210,,3.50.4.10,
1nk1,P14210,,2.40.20.10,
1nk1,P14210,,2.40.10.10,
1oph,P01009,,2.30.39.10,
1oph,P01009,,3.30.497.10,
1oph,P01009,,2.10.310.10,
1oph,P00760,,2.40.10.10,
1z6c,P07225,,2.60.120.200,
1z6c,P07225,,4.10.740.10,
1z6c,P07225,,2.10.25.10,
1bp3,P01241,,1.20.1250.10,
1bp3,P16471,,2.60.40.10,
1pfn,P02776,,2.40.50.40,
5c7x,P04141,,1.20.1250.10,
1ai0,P01308,,1.10.100.10,
3kr3,P01344,,1.10.100.10,
2nz1,O41925,,2.60.40.1330,
2nz1,O41925,,2.60.40.1340,
2nz1,P13500,,2.40.50.40,
1ae5,P20160,,2.40.10.10,
1nr4,Q92583,,2.40.50.40,
2wnu,P02745,,2.60.120.40,
2wnu,P02746,,2.60.120.40,
2wnu,P02747,,2.60.120.40,
1m17,P00533,,2.10.220.10,
1m17,P00533,,1.20.5.420,
1m17,P00533,,3.30.200.20,
1m17,P00533,,3.80.20.20,
1m17,P00533,,1.10.510.10,
4wrm,P07333,,2.60.40.10,
4wrm,P07333,,3.30.200.20,
4wrm,P07333,,1.10.510.10,
4wrm,P09603,,1.20.1250.10,
2nsm,P15169,,2.60.40.1120,
2nsm,P15169,,3.40.630.10,
4od9,P07339,,2.40.70.10,
5d72,P04141,,1.20.1250.10,
1hjx,P36222,,3.10.50.10,
1hjx,P36222,,3.20.20.80,
2jg9,P02745,,2.60.120.40,
2jg9,P02746,,2.60.120.40,
2jg9,P02747,,2.60.120.40,
3kas,P02786,,3.50.30.30,
3kas,P02786,,1.20.930.40,
3kas,P02786,,3.40.630.10,
3kas,Q8AZ57,,6.10.140.1590,
3kas,Q8AZ57,,2.20.28.180,
1au1,P01574,,1.20.1250.10,
1nu8,P27487,,3.40.50.1820,
1nu8,P27487,,2.140.10.30,
3dkj,P43490,,3.20.20.70,
2qjb,P12643,,2.60.120.970,
2qjb,P12643,,2.10.90.10,
2qjb,P36894,,2.10.60.10,
2qjb,P36894,,3.30.200.20,
2qjb,P36894,,1.10.510.10,
2re9,O95150,,2.60.120.40,
1il8,P10145,,2.40.50.40,
1lmj,P35555,,2.10.25.10,
1lmj,P35555,,3.90.290.10,
1jps,P13726,,2.60.40.10,
3d68,Q96IY4,,3.30.70.340,
3d68,Q96IY4,,3.40.630.10,
4kc3,O95760,,2.80.10.50,
4kc3,Q01638,,2.60.40.10,
4kc3,Q01638,,3.40.50.10140,
4ycg,Q9WV56,,2.60.120.970,
4ycg,Q9WV56,,2.10.90.10,
4ycg,Q9UK05,,2.60.120.970,
4ycg,Q9UK05,,2.10.90.10,
4qae,P80188,,2.40.128.20,
3f98,Q13093,,3.40.50.1820,
4g8a,O00206,,3.80.10.10,
4g8a,O00206,,3.40.50.10140,
4g8a,Q9Y6Y9,,2.60.40.770,
1gp9,P14210,,3.50.4.10,
1gp9,P14210,,2.40.20.10,
1gp9,P14210,,2.40.10.10,
3d59,Q13093,,3.40.50.1820,
3wsx,Q92673,,2.10.70.80,
3wsx,Q92673,,3.30.60.270,
3wsx,Q92673,,2.60.40.10,
3wsx,Q92673,,4.10.400.10,
3wsx,Q92673,,2.120.10.30,
3wsx,Q92673,,2.130.10.10,
1fjs,P00742,,4.10.740.10,
1fjs,P00742,,2.10.25.10,
1fjs,P00742,,2.40.10.10,
1n6u,P48551,,2.60.40.10,
1el0,P22362,,2.40.50.40,
2c5d,Q14393,,2.60.120.200,
2c5d,Q14393,,4.10.740.10,
2c5d,Q14393,,2.10.25.10,
2c5d,P30530,,2.60.40.10,
2c5d,P30530,,3.30.200.20,
2c5d,P30530,,1.10.510.10,
2ovx,P14780,,3.40.390.10,
2ovx,P14780,,2.10.10.10,
2ovx,P14780,,2.110.10.10,
3f9c,Q13093,,3.40.50.1820,
1iat,P06744,,1.10.1390.10,
1iat,P06744,,3.40.50.10490,
2vwe,P49765,,2.10.90.10,
2vwe,P01647,,2.60.40.10,
2vwe,P01837,,2.60.40.10,
2vwe,P01864,,2.60.40.10,
1lt9,P02671,,1.20.5.50,
1lt9,P02671,,3.90.215.10,
1lt9,P02671,,4.10.530.10,
1lt9,P02675,,1.20.5.50,
1lt9,P02675,,3.90.215.10,
1lt9,P02679,,1.20.5.50,
1lt9,P02679,,3.90.215.10,
1lt9,P02679,,4.10.530.10,
2j4c,P06276,,3.40.50.1820,
1abj,P00734,,2.40.20.10,
1abj,P00734,,4.10.140.10,
1abj,P00734,,2.40.10.10,
1x6d,Q14005,,2.30.42.10,
4kgq,O43557,,2.60.120.40,
4kgq,O95407,,2.10.50.10,
2feb,P08519,,2.40.20.10,
2feb,P08519,,2.40.10.10,
1r4l,Q9BYF1,,1.10.1370.30,
1jh5,Q9Y275,,2.60.120.40,
3apw,P19652,,2.40.128.20,
1a1m,P01889,,2.60.40.10,
1a1m,P01889,,3.30.500.10,
1a1m,P61769,,2.60.40.10,
1ojy,P08174,,2.10.70.10,
1azx,P01008,,2.30.39.10,
1azx,P01008,,3.30.497.10,
1jmo,P05546,,2.30.39.10,
1jmo,P05546,,3.30.497.10,
1jmo,P00734,,2.40.20.10,
1jmo,P00734,,4.10.140.10,
1jmo,P00734,,2.40.10.10,
2zeb,Q15661,,2.40.10.10,
5d71,P04141,,1.20.1250.10,
3nzi,Q92743,,2.30.42.10,
3nzi,Q92743,,2.40.10.120,
3nzi,Q92743,,3.30.60.30,
3nzi,Q92743,,4.10.40.20,
3nzi,Q9CZU6,,1.10.580.10,
3nzi,Q9CZU6,,1.10.230.10,
2tun,P01375,,2.60.120.40,
4qhu,Q16552,,2.10.90.10,
1t8c,P06734,,3.10.100.10,
1itb,P01584,,2.80.10.50,
1itb,P14778,,2.60.40.10,
1itb,P14778,,3.40.50.10140,
1b2i,P00747,,3.50.4.10,
1b2i,P00747,,2.40.20.10,
1b2i,P00747,,2.40.10.10,
1hki,Q13231,,3.20.20.80,
2xwa,P00746,,2.40.10.10,
2o0o,O95150,,2.60.120.40,
1tfx,P00761,,2.40.10.10,
1tfx,P10646,,4.10.410.10,
1z2m,P05161,,3.10.20.90,
4zga,Q13822,,4.10.410.20,
4zga,Q13822,,3.40.720.10,
4zga,Q13822,,3.40.570.10,
2mrd,P26447,,1.10.238.10,
1yy9,P00533,,2.10.220.10,
1yy9,P00533,,1.20.5.420,
1yy9,P00533,,3.30.200.20,
1yy9,P00533,,3.80.20.20,
1yy9,P00533,,1.10.510.10,
2h7t,P18065,,4.10.40.20,
2h7t,P18065,,4.10.800.10,
1fzf,P02671,,1.20.5.50,
1fzf,P02671,,3.90.215.10,
1fzf,P02671,,4.10.530.10,
1fzf,P02675,,1.20.5.50,
1fzf,P02675,,3.90.215.10,
1fzf,P02679,,1.20.5.50,
1fzf,P02679,,3.90.215.10,
1fzf,P02679,,4.10.530.10,
2ltc,Q15582,,2.30.180.10,
2wnv,P02745,,2.60.120.40,
2wnv,P02746,,2.60.120.40,
2wnv,P02747,,2.60.120.40,
1ete,P49771,,1.20.1250.10,
1bml,P00747,,3.50.4.10,
1bml,P00747,,2.40.20.10,
1bml,P00747,,2.40.10.10,
1bml,P00779,,3.10.20.150,
1bml,P00779,,3.10.20.180,
4nkq,P32927,,2.60.40.10,
4nkq,P15509,,2.60.40.10,
4nkq,P04141,,1.20.1250.10,
1hun,P13236,,2.40.50.40,
1op8,P12544,,2.40.10.10,
4zs7,P05231,,1.20.1250.10,
1j8i,P47992,,2.40.50.40,
3apu,P19652,,2.40.128.20,
3thm,P25445,,1.10.533.10,
3thm,P25445,,2.10.50.10,
3hng,P17948,,2.60.40.10,
3hng,P17948,,3.30.200.20,
3hng,P17948,,1.10.510.10,
2zot,Q9HCB6,,2.60.40.2130,
2zot,Q9HCB6,,2.60.40.4060,
2zot,Q9HCB6,,2.20.100.10,
3bt2,P00749,,2.10.25.10,
3bt2,P00749,,2.40.20.10,
3bt2,P00749,,2.40.10.10,
3bt2,P04004,,4.10.410.20,
3bt2,P04004,,2.110.10.10,
3bt2,P01675,,2.60.40.10,
3bt2,P01837,,2.60.40.10,
3bt2,Q03405,,2.10.60.10,
1zjd,P03951,,3.50.4.10,
1zjd,P03951,,2.40.10.10,
1zjd,P05067,,1.20.120.770,
1zjd,P05067,,4.10.230.10,
1zjd,P05067,,3.30.1490.140,
1zjd,P05067,,3.90.570.10,
1zjd,P05067,,4.10.410.10,
1zjd,P05067,,2.30.29.30,
3lkj,P29965,,2.60.120.40,
1d2b,P01033,,2.40.50.120,
1d2b,P01033,,3.90.370.10,
4wrl,P07333,,2.60.40.10,
4wrl,P07333,,3.30.200.20,
4wrl,P07333,,1.10.510.10,
4wrl,P09603,,1.20.1250.10,
2f9n,Q15661,,2.40.10.10,
5ea0,P36980,,2.10.70.10,
1dug,P08515,,1.20.1050.130,
1dug,P02679,,1.20.5.50,
1dug,P02679,,3.90.215.10,
1dug,P02679,,4.10.530.10,
1bze,P02766,,2.60.40.180,
1cz8,P15692,,2.10.90.10,
1cz8,P15692,,2.10.160.10,
1hwh,P01241,,1.20.1250.10,
1hwh,P10912,,2.60.40.10,
4gaw,P20718,,2.40.10.10,
1fnf,P02751,,2.10.70.10,
1fnf,P02751,,2.10.10.10,
1fnf,P02751,,2.60.40.10,
3eht,P0AEX9,,3.40.190.10,
3eht,P34998,,4.10.1240.10,
3eht,P34998,,1.20.1070.10,
3eht,P06850,,6.10.250.1920,
1r4c,P01034,,3.10.450.10,
3ghn,Q76LX8,,2.60.120.830,
3ghn,Q76LX8,,3.40.1620.60,
3ghn,Q76LX8,,3.40.390.10,
3ghn,Q76LX8,,2.20.100.10,
3l8p,Q02763,,2.60.40.10,
3l8p,Q02763,,3.30.200.20,
3l8p,Q02763,,2.170.300.10,
3l8p,Q02763,,1.10.510.10,
1iz2,P01009,,2.30.39.10,
1iz2,P01009,,3.30.497.10,
1iz2,P01009,,2.10.310.10,
1c3d,P01024,,1.50.10.20,
1c3d,P01024,,2.20.130.20,
1c3d,P01024,,2.40.50.120,
1c3d,P01024,,2.60.120.1540,
1c3d,P01024,,2.60.40.1930,
1c3d,P01024,,2.60.40.1940,
1c3d,P01024,,6.20.50.160,
1c3d,P01024,,2.60.40.690,
1c3d,P01024,,1.20.91.20,
1c3d,P01024,,2.60.40.10,
1bht,P14210,,3.50.4.10,
1bht,P14210,,2.40.20.10,
1bht,P14210,,2.40.10.10,
1p0q,P06276,,3.40.50.1820,
2g15,P08581,,2.60.40.10,
2g15,P08581,,3.30.200.20,
2g15,P08581,,1.10.510.10,
2g15,P08581,,2.130.10.10,
1qfw,P01215,,2.10.90.10,
1qfw,P0DN86,,2.10.90.10,
1qfw,P01750,,2.60.40.10,
1qfw,P18526,,2.60.40.10,
1qfw,P01660,,2.60.40.10,
1n86,P02671,,1.20.5.50,
1n86,P02671,,3.90.215.10,
1n86,P02671,,4.10.530.10,
1n86,P02675,,1.20.5.50,
1n86,P02675,,3.90.215.10,
1n86,P02679,,1.20.5.50,
1n86,P02679,,3.90.215.10,
1n86,P02679,,4.10.530.10,
1oby,O00560,,2.30.42.10,
1a9b,P01889,,2.60.40.10,
1a9b,P01889,,3.30.500.10,
1a9b,P61769,,2.60.40.10,
1apj,P35555,,2.10.25.10,
1apj,P35555,,3.90.290.10,
4xt1,P69332,,1.20.1070.10,
4xt1,P78423,,2.40.50.40,
1qnk,P19875,,2.40.50.40,
1t89,P01857,,2.60.40.10,
1t89,O75015,,2.60.40.10,
3ici,P23284,,2.40.100.10,
3ici,E2RA18,,2.60.120.200,
3ici,E2RA18,,2.10.250.10,
4caa,P01011,,2.30.39.10,
4caa,P01011,,3.30.497.10,
1fic,P02679,,1.20.5.50,
1fic,P02679,,3.90.215.10,
1fic,P02679,,4.10.530.10,
1d3k,P02787,,3.40.190.10,
3ay4,P01857,,2.60.40.10,
3ay4,P08637,,2.60.40.10,
4aju,Q9UK55,,2.30.39.10,
4aju,Q9UK55,,3.30.497.10,
1z68,Q12884,,3.40.50.1820,
1z68,Q12884,,2.140.10.30,
1ak4,P62937,,2.40.100.10,
1ak4,P12497,,1.10.10.200,
1ak4,P12497,,1.10.1200.30,
1ak4,P12497,,3.30.70.270,
1ak4,P12497,,2.40.70.10,
1ak4,P12497,,3.10.10.10,
1ak4,P12497,,1.10.375.10,
1ak4,P12497,,1.10.150.90,
1ak4,P12497,,2.30.30.10,
1ak4,P12497,,3.30.420.10,
1ak4,P12497,,1.20.5.760,
1ak4,P12497,,4.10.60.10,
1e7b,P02768,,1.10.246.10,
2jg8,P02745,,2.60.120.40,
2jg8,P02746,,2.60.120.40,
2jg8,P02747,,2.60.120.40,
2h32,P12018,,2.60.40.10,
2h32,P15814,,2.60.40.10,
2h3n,P12018,,2.60.40.10,
2h3n,P15814,,2.60.40.10,
2wcf,P80511,,1.10.238.10,
1itv,P14780,,3.40.390.10,
1itv,P14780,,2.10.10.10,
1itv,P14780,,2.110.10.10,
5ab2,Q6P179,,1.25.50.20,
5ab2,Q6P179,,2.60.40.1910,
5ab2,Q6P179,,1.10.390.10,
5ab2,Q6P179,,2.60.40.1730,
5e8d,O14944,,2.10.25.10,
4yci,Q9WV56,,2.60.120.970,
4yci,Q9WV56,,2.10.90.10,
4yci,Q9UK05,,2.60.120.970,
4yci,Q9UK05,,2.10.90.10,
1rhg,P09919,,1.20.1250.10,
4zfg,O15123,,3.90.215.10,
4zfg,O15123,,4.10.530.10,
1rmj,P24592,,4.10.40.20,
1rmj,P24592,,4.10.800.10,
1a7f,P01308,,1.10.100.10,
1a4y,P13489,,3.80.10.10,
1a4y,P03950,,3.10.130.10,
2q8t,Q16627,,2.40.50.40,
2wpj,P00740,,4.10.740.10,
2wpj,P00740,,2.10.25.10,
2wpj,P00740,,2.40.10.10,
2yrq,P09429,,1.10.30.10,
1ain,P04083,,1.10.220.10,
1oqd,Q9Y275,,2.60.120.40,
1oqd,Q02223,,4.10.1290.10,
1sq0,P04275,,2.10.25.10,
1sq0,P04275,,3.40.50.410,
1sq0,P07359,,3.80.10.10,
1i1b,P01584,,2.80.10.50,
1nlv,P07830,,3.30.420.40,
1nlv,P07830,,3.90.640.10,
1nlv,P06396,,3.40.20.10,
1hwg,P01241,,1.20.1250.10,
1hwg,P10912,,2.60.40.10,
2il6,P05231,,1.20.1250.10,
4djz,P48740,,2.10.70.10,
4djz,P48740,,2.10.25.10,
4djz,P48740,,2.60.120.290,
4djz,P48740,,2.40.10.10,
1shy,P14210,,3.50.4.10,
1shy,P14210,,2.40.20.10,
1shy,P14210,,2.40.10.10,
1shy,P08581,,2.60.40.10,
1shy,P08581,,3.30.200.20,
1shy,P08581,,1.10.510.10,
1shy,P08581,,2.130.10.10,
3pvo,P02741,,2.60.120.200,
1cyl,P05112,,1.20.1250.10,
1eer,P01588,,1.20.1250.10,
1eer,P19235,,2.60.40.10,
2wqa,P02766,,2.60.40.180,
2wqa,P02753,,2.40.128.20,
4xnh,P12945,,1.25.40.1010,
4xnh,P12945,,1.25.40.1040,
4xnh,P07347,,3.40.630.30,
4xnh,Q08689,,3.40.630.30,
2qj2,P14210,,3.50.4.10,
2qj2,P14210,,2.40.20.10,
2qj2,P14210,,2.40.10.10,
1guv,Q13231,,3.20.20.80,
4yia,P05543,,2.30.39.10,
4yia,P05543,,3.30.497.10,
4yia,P05543,,2.10.310.10,
2nsu,P02786,,3.50.30.30,
2nsu,P02786,,1.20.930.40,
2nsu,P02786,,3.40.630.10,
1axi,P01241,,1.20.1250.10,
1axi,P10912,,2.60.40.10,
5dmj,P25942,,2.10.50.10,
1zmj,P03951,,3.50.4.10,
1zmj,P03951,,2.40.10.10,
3g6d,P35225,,1.20.1250.10,
1kjs,P01031,,1.50.10.20,
1kjs,P01031,,2.20.130.20,
1kjs,P01031,,2.40.50.120,
1kjs,P01031,,2.60.120.1540,
1kjs,P01031,,2.60.40.1930,
1kjs,P01031,,2.60.40.1940,
1kjs,P01031,,6.20.50.160,
1kjs,P01031,,2.60.40.690,
1kjs,P01031,,1.20.91.20,
1kjs,P01031,,2.60.40.10,
1kpr,P13747,,2.60.40.10,
1kpr,P13747,,3.30.500.10,
1kpr,P61769,,2.60.40.10,
2irt,P18510,,2.80.10.50,
4kki,P20061,,1.50.10.20,
4kki,P20061,,2.170.130.30,
1ojw,P08174,,2.10.70.10,
1fib,P02679,,1.20.5.50,
1fib,P02679,,3.90.215.10,
1fib,P02679,,4.10.530.10,
1b5w,P61626,,1.10.530.10,
5eki,O00585,,2.40.50.40,
3ko0,P26447,,1.10.238.10,
3bk3,P12643,,2.60.120.970,
3bk3,P12643,,2.10.90.10,
3bk3,Q5D734,,6.20.200.20,
3bk3,Q5D734,,2.10.70.10,
3bk3,Q5D734,,2.10.25.10,
1o5d,P08709,,4.10.740.10,
1o5d,P08709,,2.10.25.10,
1o5d,P08709,,2.40.10.10,
1o5d,P13726,,2.60.40.10,
134l,P61626,,1.10.530.10,
2kve,P55145,,1.10.720.30,
2kve,P55145,,1.10.225.10,
4asr,Q10714,,1.10.1370.30,
4asr,P01042,,3.10.450.10,
2hdl,O95715,,2.40.50.40,
1lyb,P07339,,2.40.70.10,
3wor,V5YM14,,2.40.10.10,
3wor,P01019,,2.30.39.10,
3wor,P01019,,3.30.497.10,
1kxg,Q9Y275,,2.60.120.40,
1hfd,P00746,,2.40.10.10,
3f97,Q13093,,3.40.50.1820,
2z3q,P40933,,1.20.1250.70,
2z3q,Q13261,,2.20.28.230,
4yli,Q9BWP8,,3.10.100.10,
1odb,P80511,,1.10.238.10,
1msg,P09341,,2.40.50.40,
1dm4,P00734,,2.40.20.10,
1dm4,P00734,,4.10.140.10,
1dm4,P00734,,2.40.10.10,
1dm4,P02671,,1.20.5.50,
1dm4,P02671,,3.90.215.10,
1dm4,P02671,,4.10.530.10,
1f0s,P00742,,4.10.740.10,
1f0s,P00742,,2.10.25.10,
1f0s,P00742,,2.40.10.10,
3s9d,P01563,,1.20.1250.10,
3s9d,P48551,,2.60.40.10,
1ktl,P13747,,2.60.40.10,
1ktl,P13747,,3.30.500.10,
1ktl,P61769,,2.60.40.10,
1ddj,P00747,,3.50.4.10,
1ddj,P00747,,2.40.20.10,
1ddj,P00747,,2.40.10.10,
3kqr,P02743,,2.60.120.200,
4hom,P15145,,1.25.50.20,
4hom,P15145,,2.60.40.1910,
4hom,P15145,,1.10.390.10,
4hom,P15145,,2.60.40.1730,
1bm0,P02768,,1.10.246.10,
2w2m,Q8NBP7,,3.30.70.80,
2w2m,Q8NBP7,,3.40.50.200,
2w2m,Q8NBP7,,2.60.120.690,
2w2m,P01130,,4.10.1220.10,
2w2m,P01130,,2.10.25.10,
2w2m,P01130,,4.10.400.10,
2w2m,P01130,,2.120.10.30,
1mkg,P15692,,2.10.90.10,
1mkg,P15692,,2.10.160.10,
4rs1,P04141,,1.20.1250.10,
4rs1,P15509,,2.60.40.10,
1bka,P02788,,3.40.190.10,
2mpm,P51671,,2.40.50.40,
4ps4,P35225,,1.20.1250.10,
1elv,P09871,,2.10.70.10,
1elv,P09871,,2.10.25.10,
1elv,P09871,,2.60.120.290,
1elv,P09871,,2.40.10.10,
3d5e,Q13093,,3.40.50.1820,
3bes,P01579,,1.20.1250.10,
3bes,Q66793,,6.10.140.1480,
3bes,Q66793,,2.60.40.10,
1d4x,P0DM41,,3.30.420.40,
1d4x,P0DM41,,3.90.640.10,
1d4x,P06396,,3.40.20.10,
3bt1,P00749,,2.10.25.10,
3bt1,P00749,,2.40.20.10,
3bt1,P00749,,2.40.10.10,
3bt1,P04004,,4.10.410.20,
3bt1,P04004,,2.110.10.10,
3bt1,Q03405,,2.10.60.10,
2oo8,Q02763,,2.60.40.10,
2oo8,Q02763,,3.30.200.20,
2oo8,Q02763,,2.170.300.10,
2oo8,Q02763,,1.10.510.10,
4p10,Q96IY4,,3.30.70.340,
4p10,Q96IY4,,3.40.630.10,
1nu6,P27487,,3.40.50.1820,
1nu6,P27487,,2.140.10.30,
1osg,Q9Y275,,2.60.120.40,
1ml0,O41925,,2.60.40.1330,
1ml0,O41925,,2.60.40.1340,
1ml0,P13500,,2.40.50.40,
2eb2,P00533,,2.10.220.10,
2eb2,P00533,,1.20.5.420,
2eb2,P00533,,3.30.200.20,
2eb2,P00533,,3.80.20.20,
2eb2,P00533,,1.10.510.10,
5brr,P00750,,2.10.70.10,
5brr,P00750,,2.10.25.10,
5brr,P00750,,2.40.20.10,
5brr,P00750,,2.40.10.10,
5brr,P05121,,2.30.39.10,
5brr,P05121,,3.30.497.10,
2dsq,P22692,,4.10.40.20,
2dsq,P22692,,4.10.800.10,
2dsq,P05019,,1.10.100.10,
2dsq,P08833,,4.10.40.20,
2dsq,P08833,,4.10.800.10,
2eb3,P00533,,2.10.220.10,
2eb3,P00533,,1.20.5.420,
2eb3,P00533,,3.30.200.20,
2eb3,P00533,,3.80.20.20,
2eb3,P00533,,1.10.510.10,
3hhc,Q8IZI9,,1.20.1250.60,
2w2n,Q8NBP7,,3.30.70.80,
2w2n,Q8NBP7,,3.40.50.200,
2w2n,Q8NBP7,,2.60.120.690,
2w2n,P01130,,4.10.1220.10,
2w2n,P01130,,2.10.25.10,
2w2n,P01130,,4.10.400.10,
2w2n,P01130,,2.120.10.30,
1w0s,P27918,,2.20.100.10,
2fs9,P20231,,2.40.10.10,
1g0y,P14778,,2.60.40.10,
1g0y,P14778,,3.40.50.10140,
4ogy,P03952,,3.50.4.10,
4ogy,P03952,,2.40.10.10,
4ogy,S6C4R2,,2.60.40.10,
4ogy,Q7Z3Y4,,2.60.40.10,
1t7z,P25311,,2.60.40.10,
1t7z,P25311,,3.30.500.10,
2zec,Q15661,,2.40.10.10,
1c5m,P00742,,4.10.740.10,
1c5m,P00742,,2.10.25.10,
1c5m,P00742,,2.40.10.10,
2fs8,P20231,,2.40.10.10,
1oc0,P05121,,2.30.39.10,
1oc0,P05121,,3.30.497.10,
1oc0,P04004,,4.10.410.20,
1oc0,P04004,,2.110.10.10,
1t7y,P25311,,2.60.40.10,
1t7y,P25311,,3.30.500.10,
1rrk,P00751,,2.40.10.120,
1rrk,P00751,,2.10.70.10,
1rrk,P00751,,3.40.50.410,
1hpj,P00747,,3.50.4.10,
1hpj,P00747,,2.40.20.10,
1hpj,P00747,,2.40.10.10,
1mdu,P06396,,3.40.20.10,
1mdu,P68139,,3.30.420.40,
1mdu,P68139,,3.90.640.10,
4r6u,Q13478,,2.60.40.10,
4r6u,Q13478,,3.40.50.10140,
4r6u,Q14116,,2.80.10.50,
2oay,P05155,,2.30.39.10,
2oay,P05155,,3.30.497.10,
4kgg,O43557,,2.60.120.40,
4kgg,O95407,,2.10.50.10,
3d66,Q96IY4,,3.30.70.340,
3d66,Q96IY4,,3.40.630.10,
4xwg,P04180,,3.40.50.1820,
3qd6,P29965,,2.60.120.40,
3qd6,P25942,,2.10.50.10,
3se4,P17181,,2.60.40.10,
3se4,P05000,,1.20.1250.10,
3se4,P48551,,2.60.40.10,
1zhm,P03951,,3.50.4.10,
1zhm,P03951,,2.40.10.10,
4i77,P35225,,1.20.1250.10,
1fak,P08709,,4.10.740.10,
1fak,P08709,,2.10.25.10,
1fak,P08709,,2.40.10.10,
1fak,P00974,,4.10.410.10,
1fak,P13726,,2.60.40.10,
4nn0,Q9BXJ0,,2.60.120.40,
1iqd,P00451,,2.60.40.420,
1iqd,P00451,,2.60.120.260,
3d85,P01857,,2.60.40.10,
3d85,Q9NPF7,,1.20.1250.10,
3d85,P29460,,2.60.40.10,
1nl0,P00740,,4.10.740.10,
1nl0,P00740,,2.10.25.10,
1nl0,P00740,,2.40.10.10,
1q8m,Q9NP99,,2.60.40.10,
1fax,P00742,,4.10.740.10,
1fax,P00742,,2.10.25.10,
1fax,P00742,,2.40.10.10,
1ad8,P00734,,2.40.20.10,
1ad8,P00734,,4.10.140.10,
1ad8,P00734,,2.40.10.10,
1ad8,P01050,,2.70.10.10,
2h62,P12643,,2.60.120.970,
2h62,P12643,,2.10.90.10,
2h62,P36894,,2.10.60.10,
2h62,P36894,,3.30.200.20,
2h62,P36894,,1.10.510.10,
2h62,Q13705,,2.10.60.10,
2h62,Q13705,,3.30.200.20,
2h62,Q13705,,1.10.510.10,
1db2,P05121,,2.30.39.10,
1db2,P05121,,3.30.497.10,
3ew3,P01236,,1.20.1250.10,
3ew3,P05710,,2.60.40.10,
1dzh,P01008,,2.30.39.10,
1dzh,P01008,,3.30.497.10,
3bps,Q8NBP7,,3.30.70.80,
3bps,Q8NBP7,,3.40.50.200,
3bps,Q8NBP7,,2.60.120.690,
3bps,P01130,,4.10.1220.10,
3bps,P01130,,2.10.25.10,
3bps,P01130,,4.10.400.10,
3bps,P01130,,2.120.10.30,
1rne,P00797,,2.40.70.10,
1esv,P68135,,3.30.420.40,
1esv,P68135,,3.90.640.10,
1esv,P06396,,3.40.20.10,
4dn4,P13500,,2.40.50.40,
1ikm,P10145,,2.40.50.40,
4ip8,P0DJI8,,1.10.132.110,
1dst,P00746,,2.40.10.10,
1ppf,P08246,,2.40.10.10,
1ppf,P68390,,3.30.60.30,
4mhe,P55774,,2.40.50.40,
1fvr,Q02763,,2.60.40.10,
1fvr,Q02763,,3.30.200.20,
1fvr,Q02763,,2.170.300.10,
1fvr,Q02763,,1.10.510.10,
1h0d,P03950,,3.10.130.10,
1irj,P06702,,1.10.238.10,
3f62,Q85319,,2.60.40.10,
3f62,Q14116,,2.80.10.50,
2bzm,P08603,,2.10.70.10,
1g91,P55773,,2.40.50.40,
3jtc,Q9UNN8,,3.30.500.10,
3jtc,P04070,,4.10.740.10,
3jtc,P04070,,2.10.25.10,
3jtc,P04070,,2.40.10.10,
1fu2,P01308,,1.10.100.10,
1b8m,P23560,,2.10.90.10,
1b8m,P34130,,2.10.90.10,
1n6v,P48551,,2.60.40.10,
3p70,P00734,,2.40.20.10,
3p70,P00734,,4.10.140.10,
3p70,P00734,,2.40.10.10,
3p70,P12259,,2.60.40.420,
3p70,P12259,,2.60.120.260,
2j0t,P03956,,3.40.390.10,
2j0t,P03956,,2.110.10.10,
2j0t,P01033,,2.40.50.120,
2j0t,P01033,,3.90.370.10,
1pvh,P40189,,2.60.40.10,
1pvh,P15018,,1.20.1250.10,
3v56,Q9Y275,,2.60.120.40,
1o80,P02778,,2.40.50.40,
3bpl,P05112,,1.20.1250.10,
3bpl,P24394,,2.60.40.10,
3bpl,P31785,,2.60.40.10,
3sgj,P01857,,2.60.40.10,
3sgj,P08637,,2.60.40.10,
1ron,P01303,,6.10.250.900,
2yd0,Q9NZ08,,1.25.50.20,
2yd0,Q9NZ08,,2.60.40.1910,
2yd0,Q9NZ08,,1.10.390.10,
2yd0,Q9NZ08,,2.60.40.1730,
1av1,P02647,,1.20.5.20,
1av1,P02647,,6.10.140.380,
1av1,P02647,,1.20.120.20,
3g2s,Q9UJY5,,1.20.5.170,
3g2s,Q9UJY5,,1.20.58.160,
3g2s,Q9UJY5,,1.25.40.90,
3g2s,Q9UJY5,,2.60.40.1230,
3g2s,Q92673,,2.10.70.80,
3g2s,Q92673,,3.30.60.270,
3g2s,Q92673,,2.60.40.10,
3g2s,Q92673,,4.10.400.10,
3g2s,Q92673,,2.120.10.30,
3g2s,Q92673,,2.130.10.10,
4hjj,Q14116,,2.80.10.50,
3f96,Q13093,,3.40.50.1820,
3l5h,P40189,,2.60.40.10,
1yc0,Q04756,,2.10.10.10,
1yc0,Q04756,,2.10.25.10,
1yc0,Q04756,,2.40.20.10,
1yc0,Q04756,,2.40.10.10,
1yc0,O43278,,2.60.40.10,
1yc0,O43278,,4.10.400.10,
1yc0,O43278,,4.10.410.10,
3hmx,P29460,,2.60.40.10,
3hmx,P29459,,1.20.1250.10,
1emo,P35555,,2.10.25.10,
1emo,P35555,,3.90.290.10,
3t5o,P13671,,3.30.60.30,
3t5o,P13671,,2.10.70.10,
3t5o,P13671,,4.10.400.10,
3t5o,P13671,,2.20.100.10,
1lya,P07339,,2.40.70.10,
2fxr,P20231,,2.40.10.10,
4aa1,Q10714,,1.10.1370.30,
4aa1,P01019,,2.30.39.10,
4aa1,P01019,,3.30.497.10,
1fy1,P20160,,2.40.10.10,
4x96,P04180,,3.40.50.1820,
3l5x,P35225,,1.20.1250.10,
1fck,P02788,,3.40.190.10,
1oww,P02751,,2.10.70.10,
1oww,P02751,,2.10.10.10,
1oww,P02751,,2.60.40.10,
3ona,Q7TDW8,,2.60.240.20,
3ona,Q7TDW8,,2.10.50.10,
3ona,P78423,,2.40.50.40,
1q38,P02751,,2.10.70.10,
1q38,P02751,,2.10.10.10,
1q38,P02751,,2.60.40.10,
1kd7,Q9Y275,,2.60.120.40,
1p0m,P06276,,3.40.50.1820,
1a0l,P20231,,2.40.10.10,
3mi8,O95150,,2.60.120.40,
3mi8,O95407,,2.10.50.10,
4gi0,P06734,,3.10.100.10,
1gqm,P80511,,1.10.238.10,
1atu,P01009,,2.30.39.10,
1atu,P01009,,3.30.497.10,
1atu,P01009,,2.10.310.10,
1xxf,P03951,,3.50.4.10,
1xxf,P03951,,2.40.10.10,
1xxf,P23827,,2.60.40.550,
1xxf,P23827,,4.10.1230.10,
1fzg,P02671,,1.20.5.50,
1fzg,P02671,,3.90.215.10,
1fzg,P02671,,4.10.530.10,
1fzg,P02675,,1.20.5.50,
1fzg,P02675,,3.90.215.10,
1fzg,P02679,,1.20.5.50,
1fzg,P02679,,3.90.215.10,
1fzg,P02679,,4.10.530.10,
2otp,Q8N149,,2.60.40.10,
2zef,Q16769,,3.40.630.10,
3dlw,P01011,,2.30.39.10,
3dlw,P01011,,3.30.497.10,
1hgu,P01241,,1.20.1250.10,
1e9t,Q07654,,4.10.110.10,
1ssu,P04004,,4.10.410.20,
1ssu,P04004,,2.110.10.10,
1hjd,Q16674,,2.30.30.40,
5fb8,Q14005,,2.30.42.10,
3rjo,Q9NZ08,,1.25.50.20,
3rjo,Q9NZ08,,2.60.40.1910,
3rjo,Q9NZ08,,1.10.390.10,
3rjo,Q9NZ08,,2.60.40.1730,
1sac,P02743,,2.60.120.200,
4zg6,Q13822,,4.10.410.20,
4zg6,Q13822,,3.40.720.10,
4zg6,Q13822,,3.40.570.10,
2hyw,P07355,,1.10.220.10,
2wid,P06276,,3.40.50.1820,
1hig,P01579,,1.20.1250.10,
1bz8,P02766,,2.60.40.180,
3hhr,P01241,,1.20.1250.10,
3hhr,P10912,,2.60.40.10,
4lmf,P09871,,2.10.70.10,
4lmf,P09871,,2.10.25.10,
4lmf,P09871,,2.60.120.290,
4lmf,P09871,,2.40.10.10,
1rtk,P00751,,2.40.10.120,
1rtk,P00751,,2.10.70.10,
1rtk,P00751,,3.40.50.410,
1tfh,P13726,,2.60.40.10,
2zpx,P01375,,2.60.120.40,
1hse,P02788,,3.40.190.10,
1uvq,E9PMV2,,3.10.320.10,
1uvq,E9PMV2,,2.60.40.10,
1uvq,P01920,,3.10.320.10,
1uvq,P01920,,2.60.40.10,
1a2c,P00734,,2.40.20.10,
1a2c,P00734,,4.10.140.10,
1a2c,P00734,,2.40.10.10,
1a2c,P09945,,2.70.10.10,
1b0l,P02788,,3.40.190.10,
1e03,P01008,,2.30.39.10,
1e03,P01008,,3.30.497.10,
2n54,P47992,,2.40.50.40,
1w0y,P08709,,4.10.740.10,
1w0y,P08709,,2.10.25.10,
1w0y,P08709,,2.40.10.10,
1w0y,P13726,,2.60.40.10,
1irp,P18510,,2.80.10.50,
2eak,O00182,,2.60.120.200,
3q1s,Q9GZX6,,1.20.1250.10,
1eku,P01579,,1.20.1250.10,
1p0i,P06276,,3.40.50.1820,
1abi,P00734,,2.40.20.10,
1abi,P00734,,4.10.140.10,
1abi,P00734,,2.40.10.10,
1abi,P28504,,2.70.10.10,
1msh,P09341,,2.40.50.40,
2ksa,P25103,,1.20.1070.10,
4xpd,P12945,,1.25.40.1010,
4xpd,P12945,,1.25.40.1040,
4xpd,P07347,,3.40.630.30,
4xpd,Q08689,,3.40.630.30,
1ca9,Q12933,,1.20.5.170,
1ca9,Q12933,,2.60.210.10,
1ca9,Q12933,,3.30.40.10,
1ca9,P20333,,2.10.50.10,
2lag,P01563,,1.20.1250.10,
2lag,P48551,,2.60.40.10,
2afm,Q16769,,3.40.630.10,
1h44,P02788,,3.40.190.10,
4epu,Q15389,,3.90.215.10,
4epu,Q15389,,4.10.530.10,
1hrn,P00797,,2.40.70.10,
1mza,P49863,,2.40.10.10,
2x6g,P10147,,2.40.50.40,
1l6j,P14780,,3.40.390.10,
1l6j,P14780,,2.10.10.10,
1l6j,P14780,,2.110.10.10,
1bil,P00797,,2.40.70.10,
1ax8,P41159,,1.20.1250.10,
3p6z,P00734,,2.40.20.10,
3p6z,P00734,,4.10.140.10,
3p6z,P00734,,2.40.10.10,
3p6z,P12259,,2.60.40.420,
3p6z,P12259,,2.60.120.260,
2vdx,P08185,,2.30.39.10,
2vdx,P08185,,3.30.497.10,
2zee,Q16769,,3.40.630.10,
1oak,P04275,,2.10.25.10,
1oak,P04275,,3.40.50.410,
1oak,P01868,,2.60.40.10,
1oak,P01837,,2.60.40.10,
2fs4,P00797,,2.40.70.10,
4dt7,P00734,,2.40.20.10,
4dt7,P00734,,4.10.140.10,
4dt7,P00734,,2.40.10.10,
4dt7,P04070,,4.10.740.10,
4dt7,P04070,,2.10.25.10,
4dt7,P04070,,2.40.10.10,
4ecb,P08515,,1.20.1050.130,
4ecb,P01042,,3.10.450.10,
1as4,P01011,,2.30.39.10,
1as4,P01011,,3.30.497.10,
1b5x,P61626,,1.10.530.10,
2jq8,P04004,,4.10.410.20,
2jq8,P04004,,2.110.10.10,
1t83,P01857,,2.60.40.10,
1t83,O75015,,2.60.40.10,
2kms,P08603,,2.10.70.10,
2n6f,P21246,,2.30.90.10,
2n6f,P21246,,2.20.60.10,
2ks9,P25103,,1.20.1070.10,
4asq,Q10714,,1.10.1370.30,
4asq,P01042,,3.10.450.10,
1bqu,P40189,,2.60.40.10,
1j7e,P02774,,1.10.246.10,
2hdm,P47992,,2.40.50.40,
1ca7,P14174,,3.30.429.10,
5cba,A0A0B4J2H0,,2.60.40.10,
5cba,P01704,,2.60.40.10,
5cba,O43927,,2.40.50.40,
1xlv,P06276,,3.40.50.1820,
1xlw,P06276,,3.40.50.1820,
2d3v,A6NI73,,2.60.40.10,
2l4n,O00585,,2.40.50.40,
2gy7,O15123,,3.90.215.10,
2gy7,O15123,,4.10.530.10,
2gy7,Q02763,,2.60.40.10,
2gy7,Q02763,,3.30.200.20,
2gy7,Q02763,,2.170.300.10,
2gy7,Q02763,,1.10.510.10,
3s0n,P23946,,2.40.10.10,
4xt3,P69332,,1.20.1070.10,
4xt3,P78423,,2.40.50.40,
3k2u,Q04756,,2.10.10.10,
3k2u,Q04756,,2.10.25.10,
3k2u,Q04756,,2.40.20.10,
3k2u,Q04756,,2.40.10.10,
4rwf,P0AEX9,,3.40.190.10,
4rwf,O60895,,1.10.150.510,
4rwf,Q16602,,4.10.1240.10,
4rwf,Q16602,,1.20.1070.10,
2w2o,Q8NBP7,,3.30.70.80,
2w2o,Q8NBP7,,3.40.50.200,
2w2o,Q8NBP7,,2.60.120.690,
2w2o,P01130,,4.10.1220.10,
2w2o,P01130,,2.10.25.10,
2w2o,P01130,,4.10.400.10,
2w2o,P01130,,2.120.10.30,
3h5c,Q9UK55,,2.30.39.10,
3h5c,Q9UK55,,3.30.497.10,
3h5c,P22891,,4.10.740.10,
3h5c,P22891,,2.10.25.10,
3h5c,P22891,,2.40.10.10,
4p8w,Q15782,,3.10.50.10,
4p8w,Q15782,,3.20.20.80,
1eh3,P02788,,3.40.190.10,
3di2,P13232,,1.20.1250.50,
3di2,P16871,,2.60.40.1870,
3di2,P16871,,2.60.40.10,
4ni7,P05231,,1.20.1250.10,
5bw7,P01857,,2.60.40.10,
5bw7,P08637,,2.60.40.10,
1nws,P36222,,3.10.50.10,
1nws,P36222,,3.20.20.80,
1ira,P18510,,2.80.10.50,
1ira,P14778,,2.60.40.10,
1ira,P14778,,3.40.50.10140,
1r1w,P08581,,2.60.40.10,
1r1w,P08581,,3.30.200.20,
1r1w,P08581,,1.10.510.10,
1r1w,P08581,,2.130.10.10,
4a2y,P12724,,3.10.130.10,
3o19,P41222,,2.40.128.20,
2dm4,Q92673,,2.10.70.80,
2dm4,Q92673,,3.30.60.270,
2dm4,Q92673,,2.60.40.10,
2dm4,Q92673,,4.10.400.10,
2dm4,Q92673,,2.120.10.30,
2dm4,Q92673,,2.130.10.10,
1ath,P01008,,2.30.39.10,
1ath,P01008,,3.30.497.10,
1xhn,O75629,,2.30.110.10,
1a46,P00734,,2.40.20.10,
1a46,P00734,,4.10.140.10,
1a46,P00734,,2.40.10.10,
1a46,P09945,,2.70.10.10,
1ba4,P05067,,1.20.120.770,
1ba4,P05067,,4.10.230.10,
1ba4,P05067,,3.30.1490.140,
1ba4,P05067,,3.90.570.10,
1ba4,P05067,,4.10.410.10,
1ba4,P05067,,2.30.29.30,
1e7e,P02768,,1.10.246.10,
2ffk,O10647,,2.60.240.10,
2ffk,P13236,,2.40.50.40,
1rs0,P00751,,2.40.10.120,
1rs0,P00751,,2.10.70.10,
1rs0,P00751,,3.40.50.410,
2xac,P49765,,2.10.90.10,
2xac,P17948,,2.60.40.10,
2xac,P17948,,3.30.200.20,
2xac,P17948,,1.10.510.10,
3nce,P01236,,1.20.1250.10,
3nce,P16471,,2.60.40.10,
4k0v,Q02763,,2.60.40.10,
4k0v,Q02763,,3.30.200.20,
4k0v,Q02763,,2.170.300.10,
4k0v,Q02763,,1.10.510.10,
4k0v,Q15389,,3.90.215.10,
4k0v,Q15389,,4.10.530.10,
2k05,P48061,,2.40.50.40,
2k05,P61073,,1.20.1070.10,
2na7,P25445,,1.10.533.10,
2na7,P25445,,2.10.50.10,
5d6d,P01857,,2.60.40.10,
5d6d,P08637,,2.60.40.10,
4ga7,P30740,,2.30.39.10,
4ga7,P30740,,3.30.497.10,
1gnh,P02741,,2.60.120.200,
2g49,P14735,,3.30.830.10,
2g49,P01275,,6.10.250.590,
2wr6,P02753,,2.40.128.20,
1bui,P00747,,3.50.4.10,
1bui,P00747,,2.40.20.10,
1bui,P00747,,2.40.10.10,
1bui,P15240,,3.10.20.130,
1ilr,P18510,,2.80.10.50,
1g4f,P02749,,2.10.70.10,
1i1r,P40189,,2.60.40.10,
1i1r,Q98823,,1.20.1250.10,
4pz3,P16070,,3.10.100.10,
2xn3,P05543,,2.30.39.10,
2xn3,P05543,,3.30.497.10,
2xn3,P05543,,2.10.310.10,
1b2t,P78423,,2.40.50.40,
2b4n,P09681,,6.10.250.590,
2jq3,P02656,,6.10.90.10,
1d4n,P02787,,3.40.190.10,
1ijk,P04275,,2.10.25.10,
1ijk,P04275,,3.40.50.410,
1ijk,P22029,,3.10.100.10,
1ijk,P22030,,3.10.100.10,
1e78,P02768,,1.10.246.10,
1m31,P26447,,1.10.238.10,
1lq0,Q13231,,3.20.20.80,
1hrf,Q02297,,2.60.40.10,
1hrf,Q02297,,2.10.25.10,
1gnc,P09919,,1.20.1250.10,
2e5d,P43490,,3.20.20.70,
3cbj,P07858,,3.90.70.10,
3cbj,Q966X9,,2.60.40.2020,
2ow1,P14780,,3.40.390.10,
2ow1,P14780,,2.10.10.10,
2ow1,P14780,,2.110.10.10,
4nux,Q96F46,,3.40.50.11530,
4nux,Q96F46,,2.60.40.2160,
4nux,Q96F46,,2.60.40.2150,
4js1,P15907,,3.90.1480.20,
1d5s,P01009,,2.30.39.10,
1d5s,P01009,,3.30.497.10,
1d5s,P01009,,2.10.310.10,
4nzl,P08246,,2.40.10.10,
4nzl,A0A0H3K0M1,,3.10.20.120,
2mgs,P42830,,2.40.50.40,
1gs9,P02649,,1.20.120.20,
5abd,P17948,,2.60.40.10,
5abd,P17948,,3.30.200.20,
5abd,P17948,,1.10.510.10,
4ra0,Q14393,,2.60.120.200,
4ra0,Q14393,,4.10.740.10,
4ra0,Q14393,,2.10.25.10,
4ra0,P30530,,2.60.40.10,
4ra0,P30530,,3.30.200.20,
4ra0,P30530,,1.10.510.10,
4orw,P41222,,2.40.128.20,
4ews,P11597,,3.15.10.10,
4ews,P11597,,3.15.20.10,
2jgw,P08603,,2.10.70.10,
1rod,P09341,,2.40.50.40,
1lj5,P05121,,2.30.39.10,
1lj5,P05121,,3.30.497.10,
2zhl,O00182,,2.60.120.200,
1nwr,P36222,,3.10.50.10,
1nwr,P36222,,3.20.20.80,
1cn4,P19235,,2.60.40.10,
1cn4,P01588,,1.20.1250.10,
1ybo,O00560,,2.30.42.10,
4en0,O43557,,2.60.120.40,
4mpx,Q15661,,2.40.10.10,
2hyv,P07355,,1.10.220.10,
1jvq,P01008,,2.30.39.10,
1jvq,P01008,,3.30.497.10,
3tvj,O00187,,2.10.70.10,
3tvj,O00187,,2.10.25.10,
3tvj,O00187,,2.60.120.290,
3tvj,O00187,,2.40.10.10,
1lqv,Q9UNN8,,3.30.500.10,
1lqv,P04070,,4.10.740.10,
1lqv,P04070,,2.10.25.10,
1lqv,P04070,,2.40.10.10,
2ow0,P14780,,3.40.390.10,
2ow0,P14780,,2.10.10.10,
2ow0,P14780,,2.110.10.10,
1t7w,P25311,,2.60.40.10,
1t7w,P25311,,3.30.500.10,
4dkd,Q6ZMJ4,,1.20.1250.80,
4dkd,P07333,,2.60.40.10,
4dkd,P07333,,3.30.200.20,
4dkd,P07333,,1.10.510.10,
3lms,Q96IY4,,3.30.70.340,
3lms,Q96IY4,,3.40.630.10,
3lms,Q5EPH2,,2.20.20.10,
3lms,Q5EPH2,,3.30.1680.50,
3dhd,P43490,,3.20.20.70,
1uea,P08254,,3.40.390.10,
1uea,P08254,,2.110.10.10,
1uea,P01033,,2.40.50.120,
1uea,P01033,,3.90.370.10,
3zd2,Q03591,,2.10.70.10,
4gs7,P40933,,1.20.1250.70,
4gs7,P14784,,2.60.40.10,
4gs7,P31785,,2.60.40.10,
4gs7,Q13261,,2.20.28.230,
1ext,P19438,,1.10.533.10,
1ext,P19438,,2.10.50.10,
1e7c,P02768,,1.10.246.10,
4eyc,P49913,,3.10.450.10,
1ri0,P51858,,2.30.30.140,
3l5i,P40189,,2.60.40.10,
5e4g,O95390,,2.60.120.970,
5e4g,O95390,,2.10.90.10,
1f2l,P78423,,2.40.50.40,
1ft4,P19438,,1.10.533.10,
1ft4,P19438,,2.10.50.10,
4doq,P00761,,2.40.10.10,
4doq,P03973,,4.10.75.10,
1nwu,P36222,,3.10.50.10,
1nwu,P36222,,3.20.20.80,
1b1i,P03950,,3.10.130.10,
4bsk,P35916,,2.60.40.10,
4bsk,P35916,,3.30.200.20,
4bsk,P35916,,1.10.510.10,
4bsk,P49767,,2.10.90.10,
2obd,P11597,,3.15.10.10,
2obd,P11597,,3.15.20.10,
3sdl,P03502,,1.10.287.10,
3sdl,P05161,,3.10.20.90,
1fle,P00772,,2.40.10.10,
1fle,P19957,,4.10.75.10,
2jyu,P28799,,2.10.25.160,
1t80,P25311,,2.60.40.10,
1t80,P25311,,3.30.500.10,
1pmx,P05019,,1.10.100.10,
1h1v,P68135,,3.30.420.40,
1h1v,P68135,,3.90.640.10,
1h1v,P06396,,3.40.20.10,
4bb2,P08185,,2.30.39.10,
4bb2,P08185,,3.30.497.10,
2jxd,P20155,,3.30.60.30,
2qcw,P22004,,2.60.120.970,
2qcw,P22004,,2.10.90.10,
4ra8,P10147,,2.40.50.40,
4afq,P23946,,2.40.10.10,
1h30,Q14393,,2.60.120.200,
1h30,Q14393,,4.10.740.10,
1h30,Q14393,,2.10.25.10,
1ncf,P19438,,1.10.533.10,
1ncf,P19438,,2.10.50.10,
3r66,P03502,,1.10.287.10,
3r66,P05161,,3.10.20.90,
1rtf,P00750,,2.10.70.10,
1rtf,P00750,,2.10.25.10,
1rtf,P00750,,2.40.20.10,
1rtf,P00750,,2.40.10.10,
1zhp,P03951,,3.50.4.10,
1zhp,P03951,,2.40.10.10,
1fy3,P20160,,2.40.10.10,
1ilt,P18510,,2.80.10.50,
1k0x,Q16674,,2.30.30.40,
4afu,P23946,,2.40.10.10,
1cgq,P14174,,3.30.429.10,
5ezd,O43278,,2.60.40.10,
5ezd,O43278,,4.10.400.10,
5ezd,O43278,,4.10.410.10,
2wxw,P01019,,2.30.39.10,
2wxw,P01019,,3.30.497.10,
2c7w,P49765,,2.10.90.10,
3q76,P08246,,2.40.10.10,
3k9m,P07858,,3.90.70.10,
3k9m,P01040,,3.10.450.10,
1pbh,P07858,,3.90.70.10,
2w08,P02743,,2.60.120.200,
1lto,Q15661,,2.40.10.10,
3s8w,P48551,,2.60.40.10,
3gov,P48740,,2.10.70.10,
3gov,P48740,,2.10.25.10,
3gov,P48740,,2.60.120.290,
3gov,P48740,,2.40.10.10,
1fll,Q13114,,2.60.210.10,
1fll,Q13114,,3.30.40.10,
1fll,P25942,,2.10.50.10,
4drw,P60903,,1.10.238.10,
4drw,P07355,,1.10.220.10,
4drw,Q09666,,2.30.42.10,
1h43,P02788,,3.40.190.10,
1dvn,P05121,,2.30.39.10,
1dvn,P05121,,3.30.497.10,
1p0p,P06276,,3.40.50.1820,
2i6s,P06681,,2.10.70.10,
2i6s,P06681,,2.40.10.10,
2i6s,P06681,,3.40.50.410,
2arv,P08476,,2.60.120.970,
2arv,P08476,,2.10.90.10,
2il8,P10145,,2.40.50.40,
1e4k,P01857,,2.60.40.10,
1e4k,O75015,,2.60.40.10,
1kxp,P68135,,3.30.420.40,
1kxp,P68135,,3.90.640.10,
1kxp,P02774,,1.10.246.10,
1bp1,P17213,,3.15.10.10,
1bp1,P17213,,3.15.20.10,
1c5g,P05121,,2.30.39.10,
1c5g,P05121,,3.30.497.10,
1w0r,P27918,,2.20.100.10,
1flt,P15692,,2.10.90.10,
1flt,P15692,,2.10.160.10,
1flt,P17948,,2.60.40.10,
1flt,P17948,,3.30.200.20,
1flt,P17948,,1.10.510.10,
2hzq,P05090,,2.40.128.20,
4pz4,P16070,,3.10.100.10,
1fqf,P02787,,3.40.190.10,
1lg1,Q13231,,3.20.20.80,
3gax,P01034,,3.10.450.10,
1bjb,P05067,,1.20.120.770,
1bjb,P05067,,4.10.230.10,
1bjb,P05067,,3.30.1490.140,
1bjb,P05067,,3.90.570.10,
1bjb,P05067,,4.10.410.10,
1bjb,P05067,,2.30.29.30,
2w2p,Q8NBP7,,3.30.70.80,
2w2p,Q8NBP7,,3.40.50.200,
2w2p,Q8NBP7,,2.60.120.690,
2w2p,P01130,,4.10.1220.10,
2w2p,P01130,,2.10.25.10,
2w2p,P01130,,4.10.400.10,
2w2p,P01130,,2.120.10.30,
1j7v,P22301,,1.20.1250.10,
1j7v,Q13651,,2.60.40.10,
4p8u,Q15782,,3.10.50.10,
4p8u,Q15782,,3.20.20.80,
1t7x,P25311,,2.60.40.10,
1t7x,P25311,,3.30.500.10,
1c0g,P07830,,3.30.420.40,
1c0g,P07830,,3.90.640.10,
1c0g,P06396,,3.40.20.10,
2fpz,P20231,,2.40.10.10,
1t7v,P25311,,2.60.40.10,
1t7v,P25311,,3.30.500.10,
2q91,P26447,,1.10.238.10,
1dtg,P02787,,3.40.190.10,
1tij,P01034,,3.10.450.10,
1ghq,P01024,,1.50.10.20,
1ghq,P01024,,2.20.130.20,
1ghq,P01024,,2.40.50.120,
1ghq,P01024,,2.60.120.1540,
1ghq,P01024,,2.60.40.1930,
1ghq,P01024,,2.60.40.1940,
1ghq,P01024,,6.20.50.160,
1ghq,P01024,,2.60.40.690,
1ghq,P01024,,1.20.91.20,
1ghq,P01024,,2.60.40.10,
1ghq,P20023,,2.10.70.10,
4kg8,O43557,,2.60.120.40,
1nwt,P36222,,3.10.50.10,
1nwt,P36222,,3.20.20.80,
3f1s,Q9UK55,,2.30.39.10,
3f1s,Q9UK55,,3.30.497.10,
3f1s,P22891,,4.10.740.10,
3f1s,P22891,,2.10.25.10,
3f1s,P22891,,2.40.10.10,
1j9c,P08709,,4.10.740.10,
1j9c,P08709,,2.10.25.10,
1j9c,P08709,,2.40.10.10,
1j9c,P13726,,2.60.40.10,
2kki,P01583,,2.80.10.50,
1vzj,P22303,,3.40.50.1820,
3o4o,P01584,,2.80.10.50,
3o4o,Q9NPH3,,2.60.40.10,
3o4o,Q9NPH3,,3.40.50.10140,
3o4o,P27930,,2.60.40.10,
2i6q,P06681,,2.10.70.10,
2i6q,P06681,,2.40.10.10,
2i6q,P06681,,3.40.50.410,
3dgc,Q9GZX6,,1.20.1250.10,
3dgc,Q8N6P7,,2.60.40.10,
1atz,P04275,,2.10.25.10,
1atz,P04275,,3.40.50.410,
1e04,P01008,,2.30.39.10,
1e04,P01008,,3.30.497.10,
4avs,P02743,,2.60.120.200,
1nuh,P06744,,1.10.1390.10,
1nuh,P06744,,3.40.50.10490,
1rv6,P49763,,2.10.90.10,
1rv6,P17948,,2.60.40.10,
1rv6,P17948,,3.30.200.20,
1rv6,P17948,,1.10.510.10,
2ach,P01011,,2.30.39.10,
2ach,P01011,,3.30.497.10,
2wc8,P80511,,1.10.238.10,
3rt3,P05161,,3.10.20.90,
3rt3,P03502,,1.10.287.10,
3qj4,Q5VYX0,,3.90.660.10,
3qj4,Q5VYX0,,3.50.50.60,
2ovz,P14780,,3.40.390.10,
2ovz,P14780,,2.10.10.10,
2ovz,P14780,,2.110.10.10,
2afu,Q16769,,3.40.630.10,
1dzg,P01008,,2.30.39.10,
1dzg,P01008,,3.30.497.10,
4aph,P01019,,2.30.39.10,
4aph,P01019,,3.30.497.10,
1jyd,P02753,,2.40.128.20,
1dfp,P00746,,2.40.10.10,
2f9o,Q15661,,2.40.10.10,
2k01,P48061,,2.40.50.40,
2hyu,P07355,,1.10.220.10,
3l5j,P40189,,2.60.40.10,
2afo,Q16769,,3.40.630.10,
1huc,P07858,,3.90.70.10,
1ik0,P35225,,1.20.1250.10,
3s84,P06727,,1.20.120.20,
1t4q,P01584,,2.80.10.50,
1ga3,P35225,,1.20.1250.10,
4xe4,P00748,,2.10.10.10,
4xe4,P00748,,2.10.25.10,
4xe4,P00748,,2.40.20.10,
4xe4,P00748,,2.40.10.10,
3mbg,P55789,,1.20.120.310,
2l71,P09681,,6.10.250.590,
1a5g,P00734,,2.40.20.10,
1a5g,P00734,,4.10.140.10,
1a5g,P00734,,2.40.10.10,
1a5g,P09945,,2.70.10.10,
1kvo,P14555,,1.20.90.10,
2km2,P09382,,2.60.120.200,
4zg7,Q13822,,4.10.410.20,
4zg7,Q13822,,3.40.720.10,
4zg7,Q13822,,3.40.570.10,
1kmx,P15692,,2.10.90.10,
1kmx,P15692,,2.10.160.10,
1a7c,P05121,,2.30.39.10,
1a7c,P05121,,3.30.497.10,
1a4w,P00734,,2.40.20.10,
1a4w,P00734,,4.10.140.10,
1a4w,P00734,,2.40.10.10,
1a4w,P09945,,2.70.10.10,
1c1z,P02749,,2.10.70.10,
1a61,P00734,,2.40.20.10,
1a61,P00734,,4.10.140.10,
1a61,P00734,,2.40.10.10,
1a61,P09945,,2.70.10.10,
2ltb,Q15582,,2.30.180.10,
2msd,P02647,,1.20.5.20,
2msd,P02647,,6.10.140.380,
2msd,P02647,,1.20.120.20,
2msd,P01116,,3.40.50.300,
4eee,Q9DHU8,,2.60.40.10,
4eee,Q14116,,2.80.10.50,
1b5z,P61626,,1.10.530.10,
3g2t,Q9UJY5,,1.20.5.170,
3g2t,Q9UJY5,,1.20.58.160,
3g2t,Q9UJY5,,1.25.40.90,
3g2t,Q9UJY5,,2.60.40.1230,
3g2t,Q92673,,2.10.70.80,
3g2t,Q92673,,3.30.60.270,
3g2t,Q92673,,2.60.40.10,
3g2t,Q92673,,4.10.400.10,
3g2t,Q92673,,2.120.10.30,
3g2t,Q92673,,2.130.10.10,
1m4c,P60568,,1.20.1250.10,
1pw6,P60568,,1.20.1250.10,
1gqv,P10153,,3.10.130.10,
3l9j,P05452,,3.10.100.10,
3l9j,P01375,,2.60.120.40,
1fuj,P24158,,2.40.10.10,
2eal,O00182,,2.60.120.200,
2zou,Q9HCB6,,2.60.40.2130,
2zou,Q9HCB6,,2.60.40.4060,
2zou,Q9HCB6,,2.20.100.10,
2g1n,P00797,,2.40.70.10,
3pse,Q6TQR6,,3.90.70.80,
3pse,P05161,,3.10.20.90,
1czz,Q12933,,1.20.5.170,
1czz,Q12933,,2.60.210.10,
1czz,Q12933,,3.30.40.10,
1czz,P25942,,2.10.50.10,
2h24,P22301,,1.20.1250.10,
1hae,Q02297,,2.60.40.10,
1hae,Q02297,,2.10.25.10,
4js2,P15907,,3.90.1480.20,
1evr,P01308,,1.10.100.10,
1a7s,P20160,,2.40.10.10,
1hkm,Q13231,,3.20.20.80,
1qmn,P01011,,2.30.39.10,
1qmn,P01011,,3.30.497.10,
5a2f,Q13740,,2.60.40.10,
1m49,P60568,,1.20.1250.10,
4afs,P23946,,2.40.10.10,
3og6,Q8IU54,,1.20.1250.60,
3og6,Q8IU57,,2.60.40.10,
3lgg,Q9NZK5,,3.20.20.140,
4ip9,P0DJI8,,1.10.132.110,
4h1q,P14780,,3.40.390.10,
4h1q,P14780,,2.10.10.10,
4h1q,P14780,,2.110.10.10,
1xwd,P01215,,2.10.90.10,
1xwd,P01225,,2.10.90.10,
1xwd,P23945,,1.20.1070.10,
1xwd,P23945,,3.80.10.10,
2hzr,P05090,,2.40.128.20,
1mr8,P05109,,1.10.238.10,
4zch,O75888,,2.60.120.40,
4zch,Q9Y275,,2.60.120.40,
2jp1,P47992,,2.40.50.40,
2v53,P09486,,3.30.60.30,
2v53,P09486,,1.10.238.10,
2v53,P02461,,2.60.120.1000,
2v53,P02461,,2.10.70.10,
2anw,P03952,,3.50.4.10,
2anw,P03952,,2.40.10.10,
2pmw,Q8NBP7,,3.30.70.80,
2pmw,Q8NBP7,,3.40.50.200,
2pmw,Q8NBP7,,2.60.120.690,
1g2t,Q9Y258,,2.40.50.40,
2rjl,O95150,,2.60.120.40,
2riw,P05543,,2.30.39.10,
2riw,P05543,,3.30.497.10,
2riw,P05543,,2.10.310.10,
2qqh,P07357,,4.10.400.10,
2qqh,P07357,,2.20.100.10,
5cbe,A0A0B4J2H0,,2.60.40.10,
5cbe,P01704,,2.60.40.10,
5cbe,O43927,,2.40.50.40,
3vn4,Q76LX8,,2.60.120.830,
3vn4,Q76LX8,,3.40.1620.60,
3vn4,Q76LX8,,3.40.390.10,
3vn4,Q76LX8,,2.20.100.10,
1q3x,O00187,,2.10.70.10,
1q3x,O00187,,2.10.25.10,
1q3x,O00187,,2.60.120.290,
1q3x,O00187,,2.40.10.10,
4iso,Q9Y5Y6,,4.10.400.10,
4iso,Q9Y5Y6,,3.30.70.960,
4iso,Q9Y5Y6,,2.60.120.290,
4iso,Q9Y5Y6,,2.40.10.10,
4iso,O43278,,2.60.40.10,
4iso,O43278,,4.10.400.10,
4iso,O43278,,4.10.410.10,
1gif,P14174,,3.30.429.10,
1hmc,P09603,,1.20.1250.10,
4oxf,P12724,,3.10.130.10,
1lf7,P07360,,2.40.128.20,
1b50,P10147,,2.40.50.40,
5duq,P05155,,2.30.39.10,
5duq,P05155,,3.30.497.10,
4p8v,Q15782,,3.10.50.10,
4p8v,Q15782,,3.20.20.80,
1ayp,P14555,,1.20.90.10,
1ezq,P00742,,4.10.740.10,
1ezq,P00742,,2.10.25.10,
1ezq,P00742,,2.40.10.10,
4ekx,Q9DHU8,,2.60.40.10,
4ekx,Q14116,,2.80.10.50,
2dsr,P22692,,4.10.40.20,
2dsr,P22692,,4.10.800.10,
2dsr,P05019,,1.10.100.10,
1lx5,P18075,,2.60.120.970,
1lx5,P18075,,2.10.90.10,
1lx5,P27038,,2.10.60.10,
1lx5,P27038,,3.30.200.20,
1lx5,P27038,,1.10.510.10,
1hrp,P01215,,2.10.90.10,
1hrp,P0DN86,,2.10.90.10,
2rfs,P08581,,2.60.40.10,
2rfs,P08581,,3.30.200.20,
2rfs,P08581,,1.10.510.10,
2rfs,P08581,,2.130.10.10,
1ceb,P00747,,3.50.4.10,
1ceb,P00747,,2.40.20.10,
1ceb,P00747,,2.40.10.10,
1rnf,P34096,,3.10.130.10,
3n06,P01236,,1.20.1250.10,
3n06,P16471,,2.60.40.10,
1t31,P23946,,2.40.10.10,
3fpu,P0C8E7,,2.30.130.100,
3fpu,P10147,,2.40.50.40,
2pf5,P98066,,3.10.100.10,
2pf5,P98066,,2.60.120.290,
1a3b,P00734,,2.40.20.10,
1a3b,P00734,,4.10.140.10,
1a3b,P00734,,2.40.10.10,
1a3b,P28504,,2.70.10.10,
2ksb,P25103,,1.20.1070.10,
2r53,P22004,,2.60.120.970,
2r53,P22004,,2.10.90.10,
4afx,Q9UK55,,2.30.39.10,
4afx,Q9UK55,,3.30.497.10,
4j6g,O43557,,2.60.120.40,
4j6g,O95407,,2.10.50.10,
2l9h,P13501,,2.40.50.40,
1gcz,P14174,,3.30.429.10,
4hsv,P10720,,2.40.50.40,
2vdy,P08185,,2.30.39.10,
2vdy,P08185,,3.30.497.10,
3apv,P19652,,2.40.128.20,
3ai8,P07858,,3.90.70.10,
2r0k,Q04756,,2.10.10.10,
2r0k,Q04756,,2.10.25.10,
2r0k,Q04756,,2.40.20.10,
2r0k,Q04756,,2.40.10.10,
3va2,P05113,,1.20.1250.10,
3va2,Q01344,,2.60.40.10,
2bks,P00797,,2.40.70.10,
1f0r,P00742,,4.10.740.10,
1f0r,P00742,,2.10.25.10,
1f0r,P00742,,2.40.10.10,
1zjk,O00187,,2.10.70.10,
1zjk,O00187,,2.10.25.10,
1zjk,O00187,,2.60.120.290,
1zjk,O00187,,2.40.10.10,
1brq,P02753,,2.40.128.20,
1i1j,Q16674,,2.30.30.40,
5f8x,P03952,,3.50.4.10,
5f8x,P03952,,2.40.10.10,
1cb6,P02788,,3.40.190.10,
2w2q,Q8NBP7,,3.30.70.80,
2w2q,Q8NBP7,,3.40.50.200,
2w2q,Q8NBP7,,2.60.120.690,
2w2q,P01130,,4.10.1220.10,
2w2q,P01130,,2.10.25.10,
2w2q,P01130,,4.10.400.10,
2w2q,P01130,,2.120.10.30,
1a8f,P02787,,3.40.190.10,
1awv,P62937,,2.40.100.10,
3lse,O00182,,2.60.120.200,
2h2r,P06734,,3.10.100.10,
2jye,P28799,,2.10.25.160,
1nzi,P09871,,2.10.70.10,
1nzi,P09871,,2.10.25.10,
1nzi,P09871,,2.60.120.290,
1nzi,P09871,,2.40.10.10,
1hcc,P08603,,2.10.70.10,
4zkb,Q2F862,,2.60.240.10,
4zkb,P10147,,2.40.50.40,
3dlq,Q9GZX6,,1.20.1250.10,
3dlq,Q8N6P7,,2.60.40.10,
3og4,Q8IU54,,1.20.1250.60,
3og4,Q8IU57,,2.60.40.10,
2qos,P07357,,4.10.400.10,
2qos,P07357,,2.20.100.10,
2qos,P07360,,2.40.128.20,
3coo,Q9HCB6,,2.60.40.2130,
3coo,Q9HCB6,,2.60.40.4060,
3coo,Q9HCB6,,2.20.100.10,
1hrj,P13501,,2.40.50.40,
3caa,P01011,,2.30.39.10,
3caa,P01011,,3.30.497.10,
2kum,Q9Y4X3,,2.40.50.40,
2p31,Q96SL4,,3.40.30.10,
3f6u,P04070,,4.10.740.10,
3f6u,P04070,,2.10.25.10,
3f6u,P04070,,2.40.10.10,
3c1v,P26447,,1.10.238.10,
2qtw,Q8NBP7,,3.30.70.80,
2qtw,Q8NBP7,,3.40.50.200,
2qtw,Q8NBP7,,2.60.120.690,
1qsv,P17948,,2.60.40.10,
1qsv,P17948,,3.30.200.20,
1qsv,P17948,,1.10.510.10,
2p23,O95750,,2.80.10.50,
1il6,P05231,,1.20.1250.10,
1h59,P05019,,1.10.100.10,
1h59,P24593,,4.10.40.20,
1h59,P24593,,4.10.800.10,
1bjc,P05067,,1.20.120.770,
1bjc,P05067,,4.10.230.10,
1bjc,P05067,,3.30.1490.140,
1bjc,P05067,,3.90.570.10,
1bjc,P05067,,4.10.410.10,
1bjc,P05067,,2.30.29.30,
1gi7,P00749,,2.10.25.10,
1gi7,P00749,,2.40.20.10,
1gi7,P00749,,2.40.10.10,
1qg7,P48061,,2.40.50.40,
3k51,O95150,,2.60.120.40,
3k51,O95407,,2.10.50.10,
2jgx,P08603,,2.10.70.10,
2k04,P48061,,2.40.50.40,
2k04,P61073,,1.20.1070.10,
4ftg,P60903,,1.10.238.10,
4ftg,P07355,,1.10.220.10,
4ftg,Q09666,,2.30.42.10,
3m0w,P26447,,1.10.238.10,
1fqe,P02787,,3.40.190.10,
1c5z,P00749,,2.10.25.10,
1c5z,P00749,,2.40.20.10,
1c5z,P00749,,2.40.10.10,
2k6t,P51460,,1.10.100.10,
3d48,P01236,,1.20.1250.10,
3d48,P16471,,2.60.40.10,
1tpg,P00750,,2.10.70.10,
1tpg,P00750,,2.10.25.10,
1tpg,P00750,,2.40.20.10,
1tpg,P00750,,2.40.10.10,
1xkk,P00533,,2.10.220.10,
1xkk,P00533,,1.20.5.420,
1xkk,P00533,,3.30.200.20,
1xkk,P00533,,3.80.20.20,
1xkk,P00533,,1.10.510.10,
4d90,O43854,,2.60.120.260,
4d90,O43854,,2.10.25.10,
1bmo,P09486,,3.30.60.30,
1bmo,P09486,,1.10.238.10,
4oc6,P07339,,2.40.70.10,
2bkt,P00797,,2.40.70.10,
1wb0,Q13231,,3.20.20.80,
3nx0,P01034,,3.10.450.10,
1a3e,P00734,,2.40.20.10,
1a3e,P00734,,4.10.140.10,
1a3e,P00734,,2.40.10.10,
1a3e,P28504,,2.70.10.10,
3dy0,P05154,,2.30.39.10,
3dy0,P05154,,3.30.497.10,
1alu,P05231,,1.20.1250.10,
1z3u,O15123,,3.90.215.10,
1z3u,O15123,,4.10.530.10,
1qe6,P10145,,2.40.50.40,
1o7c,P98066,,3.10.100.10,
1o7c,P98066,,2.60.120.290,
1h45,P02788,,3.40.190.10,
1iar,P05112,,1.20.1250.10,
1iar,P24394,,2.60.40.10,
2pe4,Q12794,,3.20.20.70,
2a3y,P02743,,2.60.120.200,
2qkh,P48546,,4.10.1240.10,
2qkh,P48546,,1.20.1070.10,
2qkh,P09681,,6.10.250.590,
3aya,P17931,,2.60.120.200,
1y7k,P42127,,4.10.760.10,
4cfq,P26447,,1.10.238.10,
4cfq,P35579,,1.10.10.820,
4cfq,P35579,,1.20.5.340,
4cfq,P35579,,1.20.58.530,
4cfq,P35579,,3.30.70.1590,
4cfq,P35579,,6.10.250.2420,
4cfq,P35579,,3.40.850.10,
4cfq,P35579,,2.30.30.360,
4cfq,P35579,,1.20.120.720,
4cfq,P35579,,4.10.270.10,
2kb5,P12724,,3.10.130.10,
4zkc,Q2F862,,2.60.240.10,
4zkc,P80098,,2.40.50.40,
1pk6,P02745,,2.60.120.40,
1pk6,P02746,,2.60.120.40,
1pk6,P02747,,2.60.120.40,
1b09,P02741,,2.60.120.200,
5bnq,O14788,,2.60.120.40,
5bnq,O35305,,2.10.50.10,
1b53,P10147,,2.40.50.40,
1awt,P62937,,2.40.100.10,
4mpv,Q15661,,2.40.10.10,
2mp1,Q99731,,2.40.50.40,
2x6l,P13236,,2.40.50.40,
1btj,P02787,,3.40.190.10,
1dsu,P00746,,2.40.10.10,
3mzg,P01236,,1.20.1250.10,
3mzg,P16471,,2.60.40.10,
2l63,P01275,,6.10.250.590,
3urf,O14788,,2.60.120.40,
3urf,O00300,,1.10.533.10,
3urf,O00300,,2.10.50.10,
2wok,Q8KRB4,,3.10.105.10,
2wok,Q8KRB4,,3.40.190.10,
2wok,P01042,,3.10.450.10,
2a55,P04003,,1.20.5.3730,
2a55,P04003,,2.10.70.10,
2ooh,P14174,,3.30.429.10,
1ssl,P08581,,2.60.40.10,
1ssl,P08581,,3.30.200.20,
1ssl,P08581,,1.10.510.10,
1ssl,P08581,,2.130.10.10,
4mpu,Q15661,,2.40.10.10,
1e9j,P01215,,2.10.90.10,
1bv8,P01023,,1.50.10.20,
1bv8,P01023,,2.20.130.20,
1bv8,P01023,,2.60.120.1540,
1bv8,P01023,,2.60.40.1930,
1bv8,P01023,,2.60.40.1940,
1bv8,P01023,,2.60.40.690,
1bv8,P01023,,2.60.40.10,
1imv,P36955,,2.30.39.10,
1imv,P36955,,3.30.497.10,
4x30,P05543,,2.30.39.10,
4x30,P05543,,3.30.497.10,
4x30,P05543,,2.10.310.10,
1m4u,Q13253,,2.10.90.10,
1m4u,Q13253,,1.10.287.520,
1m4u,P18075,,2.60.120.970,
1m4u,P18075,,2.10.90.10,
2x69,P10147,,2.40.50.40,
1m4r,Q9GZX6,,1.20.1250.10,
1oo8,P01009,,2.30.39.10,
1oo8,P01009,,3.30.497.10,
1oo8,P01009,,2.10.310.10,
1qlp,P01009,,2.30.39.10,
1qlp,P01009,,3.30.497.10,
1qlp,P01009,,2.10.310.10,
1buy,P01588,,1.20.1250.10,
1ojv,P08174,,2.10.70.10,
2eot,P51671,,2.40.50.40,
2n40,P98066,,3.10.100.10,
2n40,P98066,,2.60.120.290,
2riv,P05543,,2.30.39.10,
2riv,P05543,,3.30.497.10,
2riv,P05543,,2.10.310.10,
2lkq,P15814,,2.60.40.10,
1fid,P02679,,1.20.5.50,
1fid,P02679,,3.90.215.10,
1fid,P02679,,4.10.530.10,
2rfn,P08581,,2.60.40.10,
2rfn,P08581,,3.30.200.20,
2rfn,P08581,,1.10.510.10,
2rfn,P08581,,2.130.10.10,
1w6p,P09382,,2.60.120.200,
1eih,O00175,,2.40.50.40,
3wv0,Q9UKJ1,,2.60.40.10,
3wv0,P06437,,1.20.5.1890,
3wv0,P06437,,2.30.29.100,
3wv0,P06437,,2.30.30.1230,
3wv0,P06437,,6.10.250.3280,
1e8a,P80511,,1.10.238.10,
1jli,P08700,,1.20.1250.10,
2wpi,P00740,,4.10.740.10,
2wpi,P00740,,2.10.25.10,
2wpi,P00740,,2.40.10.10,
1soh,P02655,,1.10.1440.10,
4x0l,P69905,,1.10.490.10,
4x0l,P68871,,1.10.490.10,
4x0l,P00738,,2.10.70.10,
4x0l,P00738,,2.40.10.10,
3apx,P19652,,2.40.128.20,
1dom,P13500,,2.40.50.40,
4oxb,P12724,,3.10.130.10,
4es7,P02760,,2.40.128.20,
4es7,P02760,,4.10.410.10,
1ok1,P08174,,2.10.70.10,
1irl,P60568,,1.20.1250.10,
2x1x,P49767,,2.10.90.10,
2x1x,P35968,,2.60.40.10,
2x1x,P35968,,3.30.200.20,
2x1x,P35968,,1.10.510.10,
1oo9,P08254,,3.40.390.10,
1oo9,P08254,,2.110.10.10,
1oo9,P01033,,2.40.50.120,
1oo9,P01033,,3.90.370.10,
1hp7,P01009,,2.30.39.10,
1hp7,P01009,,3.30.497.10,
1hp7,P01009,,2.10.310.10,
1mif,P14174,,3.30.429.10,
1a15,P48061,,2.40.50.40,
2afw,Q16769,,3.40.630.10,
1ev6,P01308,,1.10.100.10,
2ipp,P07858,,3.90.70.10,
1y6k,P22301,,1.20.1250.10,
1y6k,Q13651,,2.60.40.10,
1pjp,P23946,,2.40.10.10,
4muc,Q03591,,2.10.70.10,
1smo,Q9NP99,,2.60.40.10,
1cwb,P62937,,2.40.100.10,
2e7a,P01375,,2.60.120.40,
2jhh,O00602,,3.90.215.10,
2afx,Q16769,,3.40.630.10,
1d7p,P00451,,2.60.40.420,
1d7p,P00451,,2.60.120.260,
3qb4,P43026,,2.60.120.970,
3qb4,P43026,,2.10.90.10,
3qb4,P36894,,2.10.60.10,
3qb4,P36894,,3.30.200.20,
3qb4,P36894,,1.10.510.10,
4x09,Q93091,,3.10.130.10,
4igd,P48740,,2.10.70.10,
4igd,P48740,,2.10.25.10,
4igd,P48740,,2.60.120.290,
4igd,P48740,,2.40.10.10,
1ant,P01008,,2.30.39.10,
1ant,P01008,,3.30.497.10,
1hi3,P10153,,3.10.130.10,
1rbp,P02753,,2.40.128.20,
2obu,P09681,,6.10.250.590,
1rhp,P02776,,2.40.50.40,
4dou,Q15848,,2.60.120.40,
1cvw,P08709,,4.10.740.10,
1cvw,P08709,,2.10.25.10,
1cvw,P08709,,2.40.10.10,
1awr,P62937,,2.40.100.10,
3tk0,P55789,,1.20.120.310,
1mkk,P15692,,2.10.90.10,
1mkk,P15692,,2.10.160.10,
1tpn,P00750,,2.10.70.10,
1tpn,P00750,,2.10.25.10,
1tpn,P00750,,2.40.20.10,
1tpn,P00750,,2.40.10.10,
1j1a,P14555,,1.20.90.10,
1dyt,P12724,,3.10.130.10,
1pml,P00750,,2.10.70.10,
1pml,P00750,,2.10.25.10,
1pml,P00750,,2.40.20.10,
1pml,P00750,,2.40.10.10,
1dol,P13500,,2.40.50.40,
1gk5,P01132,,2.10.25.10,
1gk5,P01132,,2.120.10.30,
1gk5,P01135,,2.10.25.10,
2aew,P10912,,2.60.40.10,
1m27,O60880,,3.30.505.10,
1m27,Q13291,,2.60.40.10,
1m27,P06241,,3.30.200.20,
1m27,P06241,,3.30.505.10,
1m27,P06241,,2.30.30.40,
1m27,P06241,,1.10.510.10,
2bzz,P10153,,3.10.130.10,
1nub,P09486,,3.30.60.30,
1nub,P09486,,1.10.238.10,
2k6u,P51460,,1.10.100.10,
1czv,P12259,,2.60.40.420,
1czv,P12259,,2.60.120.260,
1f92,P00749,,2.10.25.10,
1f92,P00749,,2.40.20.10,
1f92,P00749,,2.40.10.10,
2wph,P00740,,4.10.740.10,
2wph,P00740,,2.10.25.10,
2wph,P00740,,2.40.10.10,
4mpw,Q15661,,2.40.10.10,
1fv9,P00749,,2.10.25.10,
1fv9,P00749,,2.40.20.10,
1fv9,P00749,,2.40.10.10,
2l1q,Q969E1,,4.10.40.50,
3hqb,P01031,,1.50.10.20,
3hqb,P01031,,2.20.130.20,
3hqb,P01031,,2.40.50.120,
3hqb,P01031,,2.60.120.1540,
3hqb,P01031,,2.60.40.1930,
3hqb,P01031,,2.60.40.1940,
3hqb,P01031,,6.20.50.160,
3hqb,P01031,,2.60.40.690,
3hqb,P01031,,1.20.91.20,
3hqb,P01031,,2.60.40.10,
1sra,P09486,,3.30.60.30,
1sra,P09486,,1.10.238.10,
1lgn,P02743,,2.60.120.200,
4mhl,P20809,,1.20.1250.10,
2rnf,P34096,,3.10.130.10,
2zhk,O00182,,2.60.120.200,
1ka6,O60880,,3.30.505.10,
1ka6,Q13291,,2.60.40.10,
2j61,Q15485,,3.90.215.10,
1hd4,P01215,,2.10.90.10,
2e56,Q9Y6Y9,,2.60.40.770,
2lvz,P12724,,3.10.130.10,
1ao3,P04275,,2.10.25.10,
1ao3,P04275,,3.40.50.410,
1lhv,P04278,,2.60.120.200,
4gaf,P01584,,2.80.10.50,
4gaf,P14778,,2.60.40.10,
4gaf,P14778,,3.40.50.10140,
3num,Q92743,,2.30.42.10,
3num,Q92743,,2.40.10.120,
3num,Q92743,,3.30.60.30,
3num,Q92743,,4.10.40.20,
1r0p,P08581,,2.60.40.10,
1r0p,P08581,,3.30.200.20,
1r0p,P08581,,1.10.510.10,
1r0p,P08581,,2.130.10.10,
1rto,P13501,,2.40.50.40,
4a2o,P12724,,3.10.130.10,
1rfn,P00740,,4.10.740.10,
1rfn,P00740,,2.10.25.10,
1rfn,P00740,,2.40.10.10,
1fq3,P10144,,2.40.10.10,
1ezx,P01009,,2.30.39.10,
1ezx,P01009,,3.30.497.10,
1ezx,P01009,,2.10.310.10,
1ezx,P00760,,2.40.10.10,
1rjh,P05452,,3.10.100.10,
2afs,Q16769,,3.40.630.10,
1nwv,P08174,,2.10.70.10,
2zgc,P51124,,2.40.10.10,
2rtu,P09429,,1.10.30.10,
1f42,P29460,,2.60.40.10,
1eqy,P68135,,3.30.420.40,
1eqy,P68135,,3.90.640.10,
1eqy,P06396,,3.40.20.10,
1goe,P06850,,6.10.250.1920,
3op8,P02749,,2.10.70.10,
1z9i,P00533,,2.10.220.10,
1z9i,P00533,,1.20.5.420,
1z9i,P00533,,3.30.200.20,
1z9i,P00533,,3.80.20.20,
1z9i,P00533,,1.10.510.10,
2hvx,P23946,,2.40.10.10,
1hkk,Q13231,,3.20.20.80,
4isn,Q9Y5Y6,,4.10.400.10,
4isn,Q9Y5Y6,,3.30.70.960,
4isn,Q9Y5Y6,,2.60.120.290,
4isn,Q9Y5Y6,,2.40.10.10,
4isn,O43278,,2.60.40.10,
4isn,O43278,,4.10.400.10,
4isn,O43278,,4.10.410.10,
1h1b,P08246,,2.40.10.10,
1irh,P10646,,4.10.410.10,
1k36,O14944,,2.10.25.10,
3ncc,P01236,,1.20.1250.10,
3ncc,P16471,,2.60.40.10,
1gyk,P02743,,2.60.120.200,
3cbk,P07858,,3.90.70.10,
3cbk,Q966X9,,2.60.40.2020,
2l3h,P15309,,3.40.50.1240,
2rd7,P07357,,4.10.400.10,
2rd7,P07357,,2.20.100.10,
2rd7,P07360,,2.40.128.20,
1f9q,P02776,,2.40.50.40,
3u2m,P55789,,1.20.120.310,
3tjq,Q92743,,2.30.42.10,
3tjq,Q92743,,2.40.10.120,
3tjq,Q92743,,3.30.60.30,
3tjq,Q92743,,4.10.40.20,
2kb8,P10997,,6.10.250.2190,
1bqt,P05019,,1.10.100.10,
1f5f,P04278,,2.60.120.200,
1h03,P08174,,2.10.70.10,
1n9v,P01019,,2.30.39.10,
1n9v,P01019,,3.30.497.10,
2d9q,P09919,,1.20.1250.10,
2d9q,Q99062,,2.60.40.10,
2gmf,P04141,,1.20.1250.10,
1bo0,P80098,,2.40.50.40,
2afz,Q16769,,3.40.630.10,
4imo,P41222,,2.40.128.20,
1mzd,P49863,,2.40.10.10,
2q8r,Q16627,,2.40.50.40,
3q77,P08246,,2.40.10.10,
1d2s,P04278,,2.60.120.200,
1jyj,P02753,,2.40.128.20,
3ayc,P17931,,2.60.120.200,
1ben,P01308,,1.10.100.10,
4bqd,P10646,,4.10.410.10,
1n26,P08887,,2.60.40.10,
4bsj,P35916,,2.60.40.10,
4bsj,P35916,,3.30.200.20,
4bsj,P35916,,1.10.510.10,
2ova,P07360,,2.40.128.20,
1o7b,P98066,,3.10.100.10,
1o7b,P98066,,2.60.120.290,
2oow,P14174,,3.30.429.10,
1eot,P51671,,2.40.50.40,
2jyt,P28799,,2.10.25.160,
2f9p,Q15661,,2.40.10.10,
1ba6,P05067,,1.20.120.770,
1ba6,P05067,,4.10.230.10,
1ba6,P05067,,3.30.1490.140,
1ba6,P05067,,3.90.570.10,
1ba6,P05067,,4.10.410.10,
1ba6,P05067,,2.30.29.30,
3tju,P20718,,2.40.10.10,
1esr,P80075,,2.40.50.40,
2kza,P42127,,4.10.760.10,
1qmt,P12724,,3.10.130.10,
2wwp,P41222,,2.40.128.20,
1f5k,P00749,,2.10.25.10,
1f5k,P00749,,2.40.20.10,
1f5k,P00749,,2.40.10.10,
2j7z,P48061,,2.40.50.40,
2c02,P10153,,3.10.130.10,
1ktz,P10600,,2.60.120.970,
1ktz,P10600,,2.10.90.10,
1ktz,P37173,,2.10.60.10,
1ktz,P37173,,3.30.200.20,
1ktz,P37173,,1.10.510.10,
3zwh,P26447,,1.10.238.10,
3zwh,P35579,,1.10.10.820,
3zwh,P35579,,1.20.5.340,
3zwh,P35579,,1.20.58.530,
3zwh,P35579,,3.30.70.1590,
3zwh,P35579,,6.10.250.2420,
3zwh,P35579,,3.40.850.10,
3zwh,P35579,,2.30.30.360,
3zwh,P35579,,1.20.120.720,
3zwh,P35579,,4.10.270.10,
1kdm,P04278,,2.60.120.200,
1lhu,P04278,,2.60.120.200,
3tk9,P20718,,2.40.10.10,
1hcn,P01215,,2.10.90.10,
1hcn,P0DN86,,2.10.90.10,
4hqu,P01127,,2.10.90.10,
2l86,P10997,,6.10.250.2190,
4p8x,Q15782,,3.10.50.10,
4p8x,Q15782,,3.20.20.80,
1szb,O00187,,2.10.70.10,
1szb,O00187,,2.10.25.10,
1szb,O00187,,2.60.120.290,
1szb,O00187,,2.40.10.10,
1a8e,P02787,,3.40.190.10,
4ecc,P08515,,1.20.1050.130,
4ecc,P01042,,3.10.450.10,
3n7o,P23946,,2.40.10.10,
4q7z,Q6UWY2,,2.40.10.10,
1m14,P00533,,2.10.220.10,
1m14,P00533,,1.20.5.420,
1m14,P00533,,3.30.200.20,
1m14,P00533,,3.80.20.20,
1m14,P00533,,1.10.510.10,
2wqb,Q02763,,2.60.40.10,
2wqb,Q02763,,3.30.200.20,
2wqb,Q02763,,2.170.300.10,
2wqb,Q02763,,1.10.510.10,
4hr9,Q16552,,2.10.90.10,
2l79,P15309,,3.40.50.1240,
2joa,Q92743,,2.30.42.10,
2joa,Q92743,,2.40.10.120,
2joa,Q92743,,3.30.60.30,
2joa,Q92743,,4.10.40.20,
4q7x,Q6UWY2,,2.40.10.10,
1brc,P00763,,2.40.10.10,
1brc,P05067,,1.20.120.770,
1brc,P05067,,4.10.230.10,
1brc,P05067,,3.30.1490.140,
1brc,P05067,,3.90.570.10,
1brc,P05067,,4.10.410.10,
1brc,P05067,,2.30.29.30,
2wew,O95445,,2.40.128.20,
1aap,P05067,,1.20.120.770,
1aap,P05067,,4.10.230.10,
1aap,P05067,,3.30.1490.140,
1aap,P05067,,3.90.570.10,
1aap,P05067,,4.10.410.10,
1aap,P05067,,2.30.29.30,
1twe,P01584,,2.80.10.50,
1d4w,O60880,,3.30.505.10,
1d4w,Q13291,,2.60.40.10,
1d4t,O60880,,3.30.505.10,
1d4t,Q13291,,2.60.40.10,
1zhr,P03951,,3.50.4.10,
1zhr,P03951,,2.40.10.10,
1c5w,P00749,,2.10.25.10,
1c5w,P00749,,2.40.20.10,
1c5w,P00749,,2.40.10.10,
4c41,P08185,,2.30.39.10,
4c41,P08185,,3.30.497.10,
4ors,P41222,,2.40.128.20,
1le2,P02649,,1.20.120.20,
3ghm,Q76LX8,,2.60.120.830,
3ghm,Q76LX8,,3.40.1620.60,
3ghm,Q76LX8,,3.40.390.10,
3ghm,Q76LX8,,2.20.100.10,
2k1v,Q9Y5Q6,,1.10.100.10,
4q80,Q6UWY2,,2.40.10.10,
3v96,P01033,,2.40.50.120,
3v96,P01033,,3.90.370.10,
3v96,P09238,,3.40.390.10,
3v96,P09238,,2.110.10.10,
1kdk,P04278,,2.60.120.200,
1zlr,P03951,,3.50.4.10,
1zlr,P03951,,2.40.10.10,
2ic4,P08603,,2.10.70.10,
1lg2,Q13231,,3.20.20.80,
1h02,P05019,,1.10.100.10,
1n28,P14555,,1.20.90.10,
2ove,P07360,,2.40.128.20,
1h1h,P12724,,3.10.130.10,
1mkn,P21741,,2.30.90.10,
1mkn,P21741,,2.20.60.10,
1ejn,P00749,,2.10.25.10,
1ejn,P00749,,2.40.20.10,
1ejn,P00749,,2.40.10.10,
1tvx,P02775,,2.40.50.40,
4lor,P09871,,2.10.70.10,
4lor,P09871,,2.10.25.10,
4lor,P09871,,2.60.120.290,
4lor,P09871,,2.40.10.10,
1dz7,P01215,,2.10.90.10,
2kec,P48061,,2.40.50.40,
1s0l,P01584,,2.80.10.50,
1ich,P19438,,1.10.533.10,
1ich,P19438,,2.10.50.10,
1n29,P14555,,1.20.90.10,
1lhw,P04278,,2.60.120.200,
2m5q,P01275,,6.10.250.590,
1e4j,O75015,,2.60.40.10,
1sdf,P48061,,2.40.50.40,
4f2a,P11597,,3.15.10.10,
4f2a,P11597,,3.15.20.10,
3hqa,P01031,,1.50.10.20,
3hqa,P01031,,2.20.130.20,
3hqa,P01031,,2.40.50.120,
3hqa,P01031,,2.60.120.1540,
3hqa,P01031,,2.60.40.1930,
3hqa,P01031,,2.60.40.1940,
3hqa,P01031,,6.20.50.160,
3hqa,P01031,,2.60.40.690,
3hqa,P01031,,1.20.91.20,
3hqa,P01031,,2.60.40.10,
3bea,P07333,,2.60.40.10,
3bea,P07333,,3.30.200.20,
3bea,P07333,,1.10.510.10,
3bea,Q02763,,2.60.40.10,
3bea,Q02763,,3.30.200.20,
3bea,Q02763,,2.170.300.10,
3bea,Q02763,,1.10.510.10,
1c5x,P00749,,2.10.25.10,
1c5x,P00749,,2.40.20.10,
1c5x,P00749,,2.40.10.10,
1fnl,O75015,,2.60.40.10,
1dic,P00746,,2.40.10.10,
2l77,P15309,,3.40.50.1240,
2nat,P05546,,2.30.39.10,
2nat,P05546,,3.30.497.10,
3s67,P01034,,3.10.450.10,
2xn7,P05543,,2.30.39.10,
2xn7,P05543,,3.30.497.10,
2xn7,P05543,,2.10.310.10,
1l2h,P01584,,2.80.10.50,
1vmc,P48061,,2.40.50.40,
1tpk,P00750,,2.10.70.10,
1tpk,P00750,,2.10.25.10,
1tpk,P00750,,2.40.20.10,
1tpk,P00750,,2.40.10.10,
5f8z,P03952,,3.50.4.10,
5f8z,P03952,,2.40.10.10,
2ow2,P14780,,3.40.390.10,
2ow2,P14780,,2.10.10.10,
2ow2,P14780,,2.110.10.10,
1lho,P04278,,2.60.120.200,
3tjv,P20718,,2.40.10.10,
4msv,P48023,,2.60.120.40,
4msv,O95407,,2.10.50.10,
1tn3,P05452,,3.10.100.10,
2q98,P01236,,1.20.1250.10,
1dvu,P02766,,2.60.40.180,
1m8a,P78556,,2.40.50.40,
4q7y,Q6UWY2,,2.40.10.10,
4xde,P00748,,2.10.10.10,
4xde,P00748,,2.10.25.10,
4xde,P00748,,2.40.20.10,
4xde,P00748,,2.40.10.10,
4hrh,P60903,,1.10.238.10,
4hrh,P07355,,1.10.220.10,
4hrh,Q14527,,3.30.70.2330,
4hrh,Q14527,,3.40.50.300,
4hrh,Q14527,,3.40.50.10810,
4hrh,Q14527,,3.30.40.10,
5f8t,P03952,,3.50.4.10,
5f8t,P03952,,2.40.10.10,
2p39,Q9GZV9,,2.80.10.50,
1zml,P03951,,3.50.4.10,
1zml,P03951,,2.40.10.10,
1uuh,P16070,,3.10.100.10,
1m48,P60568,,1.20.1250.10,
1iau,P10144,,2.40.10.10,
1hkj,Q13231,,3.20.20.80,
3u5s,P55789,,1.20.120.310,
2rri,P01282,,6.10.250.590,
3hob,P00451,,2.60.40.420,
3hob,P00451,,2.60.120.260,
1b5u,P61626,,1.10.530.10,
2r52,P22004,,2.60.120.970,
2r52,P22004,,2.10.90.10,
1tgr,P05019,,1.10.100.10,
1boy,P13726,,2.60.40.10,
1ncv,P80098,,2.40.50.40,
1huw,P01241,,1.20.1250.10,
1u4p,P13501,,2.40.50.40,
1lhn,P04278,,2.60.120.200,
3q13,Q9HCB6,,2.60.40.2130,
3q13,Q9HCB6,,2.60.40.4060,
3q13,Q9HCB6,,2.20.100.10,
2hci,P78556,,2.40.50.40,
2wq9,P02753,,2.40.128.20,
2fcg,P49913,,3.10.450.10,
1f9r,P02776,,2.40.50.40,
5b0h,O14960,,2.70.70.10,
2ch9,O76096,,3.10.450.10,
1lv9,P02778,,2.40.50.40,
1i5j,P02655,,1.10.1440.10,
1gkc,P14780,,3.40.390.10,
1gkc,P14780,,2.10.10.10,
1gkc,P14780,,2.110.10.10,
1nn6,P23946,,2.40.10.10,
3kbx,P10147,,2.40.50.40,
4isl,Q9Y5Y6,,4.10.400.10,
4isl,Q9Y5Y6,,3.30.70.960,
4isl,Q9Y5Y6,,2.60.120.290,
4isl,Q9Y5Y6,,2.40.10.10,
4isl,O43278,,2.60.40.10,
4isl,O43278,,4.10.400.10,
4isl,O43278,,4.10.410.10,
1t5q,P09681,,6.10.250.590,
2ilk,P22301,,1.20.1250.10,
1si5,P14210,,3.50.4.10,
1si5,P14210,,2.40.20.10,
1si5,P14210,,2.40.10.10,
3iol,P43220,,4.10.1240.10,
3iol,P43220,,1.20.1070.10,
3iol,P01275,,6.10.250.590,
4imn,P41222,,2.40.128.20,
1eig,O00175,,2.40.50.40,
1gd0,P14174,,3.30.429.10,
1mgx,P00740,,4.10.740.10,
1mgx,P00740,,2.10.25.10,
1mgx,P00740,,2.40.10.10,
4f3j,Q9BXJ0,,2.60.120.40,
1waw,Q13231,,3.20.20.80,
1qub,P02749,,2.10.70.10,
4aqb,P48740,,2.10.70.10,
4aqb,P48740,,2.10.25.10,
4aqb,P48740,,2.60.120.290,
4aqb,P48740,,2.40.10.10,
4bdx,P00748,,2.10.10.10,
4bdx,P00748,,2.10.25.10,
4bdx,P00748,,2.40.20.10,
4bdx,P00748,,2.40.10.10,
1bbc,P14555,,1.20.90.10,
1by6,P02655,,1.10.1440.10,
2m9g,P80511,,1.10.238.10,
1bbn,P05112,,1.20.1250.10,
1dsn,P02788,,3.40.190.10,
4owz,P12724,,3.10.130.10,
1bo9,P04083,,1.10.220.10,
1hum,P13236,,2.40.50.40,
2dsp,P22692,,4.10.40.20,
2dsp,P22692,,4.10.800.10,
2dsp,P05019,,1.10.100.10,
2h8b,P51460,,1.10.100.10,
2ila,P01583,,2.80.10.50,
1tgj,P10600,,2.60.120.970,
1tgj,P10600,,2.10.90.10,
2kbc,Q9Y5Q6,,1.10.100.10,
2l1j,P42127,,4.10.760.10,
1wqj,P22692,,4.10.40.20,
1wqj,P22692,,4.10.800.10,
1wqj,P05019,,1.10.100.10,
3o55,P55789,,1.20.120.310,
1z3s,O15123,,3.90.215.10,
1z3s,O15123,,4.10.530.10,
3zd1,P36980,,2.10.70.10,
1b5y,P61626,,1.10.530.10,
1h53,P03950,,3.10.130.10,
1ilk,P22301,,1.20.1250.10,
2any,P03952,,3.50.4.10,
2any,P03952,,2.40.10.10,
2msc,P02647,,1.20.5.20,
2msc,P02647,,6.10.140.380,
2msc,P02647,,1.20.120.20,
2msc,P01116,,3.40.50.300,
1klt,P23946,,2.40.10.10,
3t0o,O00584,,3.90.730.10,
1evs,P13725,,1.20.1250.10,
3tn2,P13236,,2.40.50.40,
2rjk,O95150,,2.60.120.40,
1b3e,P02787,,3.40.190.10,
4n1d,P12643,,2.60.120.970,
4n1d,P12643,,2.10.90.10,
4n1d,Q96S42,,2.10.90.10,
2wce,P80511,,1.10.238.10,
3sva,P01034,,3.10.450.10,
2na3,P49913,,3.10.450.10,
2zks,P51124,,2.40.10.10,
1mjv,P15692,,2.10.90.10,
1mjv,P15692,,2.10.160.10,
1gkd,P14780,,3.40.390.10,
1gkd,P14780,,2.10.10.10,
1gkd,P14780,,2.110.10.10,
1itm,P05112,,1.20.1250.10,
1q0p,P00751,,2.40.10.120,
1q0p,P00751,,2.10.70.10,
1q0p,P00751,,3.40.50.410,
3ps8,P01034,,3.10.450.10,
2xn5,P05543,,2.30.39.10,
2xn5,P05543,,3.30.497.10,
2xn5,P05543,,2.10.310.10,
2xw9,P00746,,2.40.10.10,
1hzf,P0C0L4,,1.50.10.20,
1hzf,P0C0L4,,2.20.130.20,
1hzf,P0C0L4,,2.40.50.120,
1hzf,P0C0L4,,2.60.120.1540,
1hzf,P0C0L4,,2.60.40.1930,
1hzf,P0C0L4,,2.60.40.1940,
1hzf,P0C0L4,,6.20.50.160,
1hzf,P0C0L4,,2.60.40.690,
1hzf,P0C0L4,,1.20.91.20,
1hzf,P0C0L4,,2.60.40.10,
1qls,P31950,,1.10.238.10,
1qls,P04083,,1.10.220.10,
2pjy,P10600,,2.60.120.970,
2pjy,P10600,,2.10.90.10,
2pjy,P37173,,2.10.60.10,
2pjy,P37173,,3.30.200.20,
2pjy,P37173,,1.10.510.10,
2pjy,P36897,,2.10.60.10,
2pjy,P36897,,3.30.200.20,
2pjy,P36897,,1.10.510.10,
1iw2,P07360,,2.40.128.20,
2ncw,P05546,,2.30.39.10,
2ncw,P05546,,3.30.497.10,
1f9s,P02776,,2.40.50.40,
3cga,P26447,,1.10.238.10,
2hj8,P05161,,3.10.20.90,
1orf,P12544,,2.40.10.10,
3kq0,P02763,,2.40.128.20,
1rjt,O14625,,2.40.50.40,
1emn,P35555,,2.10.25.10,
1emn,P35555,,3.90.290.10,
1h52,P03950,,3.10.130.10,
1o7z,P02778,,2.40.50.40,
1inr,P22301,,1.20.1250.10,
2ncv,P05546,,2.30.39.10,
2ncv,P05546,,3.30.497.10,
4bdw,P00748,,2.10.10.10,
4bdw,P00748,,2.10.25.10,
4bdw,P00748,,2.40.20.10,
4bdw,P00748,,2.40.10.10,
3qkg,P02760,,2.40.128.20,
3qkg,P02760,,4.10.410.10,
1nap,P02775,,2.40.50.40,
1i8h,Q13526,,2.20.70.10,
1i8h,Q13526,,3.10.50.40,
2l70,P09681,,6.10.250.590,
